"baseData","ruleCode","file","line","column","message","rawOutputFile"
"CoreRuntime","SYNTAX_NO_LOCAL_INIT_ASSIGN","Lib67C0F0E7.galaxy","575","5","Galaxy 局部变量不能用 = 初始化，必须先声明再赋值","01-CoreRuntime.txt"
"CoreRuntime","SYNTAX_NO_LOCAL_INIT_ASSIGN","Lib67C0F0E7.galaxy","576","5","Galaxy 局部变量不能用 = 初始化，必须先声明再赋值","01-CoreRuntime.txt"
"CoreRuntime","SYNTAX_NO_LOCAL_INIT_ASSIGN","Lib67C0F0E7.galaxy","605","5","Galaxy 局部变量不能用 = 初始化，必须先声明再赋值","01-CoreRuntime.txt"
"CoreRuntime","SYNTAX_NO_LOCAL_INIT_ASSIGN","Lib67C0F0E7.galaxy","606","5","Galaxy 局部变量不能用 = 初始化，必须先声明再赋值","01-CoreRuntime.txt"
"CoreRuntime","SYNTAX_NO_LOCAL_INIT_ASSIGN","Lib67C0F0E7.galaxy","607","5","Galaxy 局部变量不能用 = 初始化，必须先声明再赋值","01-CoreRuntime.txt"
"CoreRuntime","SYNTAX_NO_LOCAL_INIT_ASSIGN","Lib67C0F0E7.galaxy","641","5","Galaxy 局部变量不能用 = 初始化，必须先声明再赋值","01-CoreRuntime.txt"
"CoreRuntime","SYNTAX_NO_LOCAL_INIT_ASSIGN","Lib67C0F0E7.galaxy","642","5","Galaxy 局部变量不能用 = 初始化，必须先声明再赋值","01-CoreRuntime.txt"
"CoreRuntime","SYNTAX_NO_LOCAL_INIT_ASSIGN","Lib67C0F0E7.galaxy","643","5","Galaxy 局部变量不能用 = 初始化，必须先声明再赋值","01-CoreRuntime.txt"
"CoreRuntime","SYNTAX_NO_LOCAL_INIT_ASSIGN","Lib67C0F0E7.galaxy","644","5","Galaxy 局部变量不能用 = 初始化，必须先声明再赋值","01-CoreRuntime.txt"
"CoreRuntime","SYNTAX_NO_LOCAL_INIT_ASSIGN","Lib67C0F0E7.galaxy","683","5","Galaxy 局部变量不能用 = 初始化，必须先声明再赋值","01-CoreRuntime.txt"
"CoreRuntime","SYNTAX_NO_LOCAL_INIT_ASSIGN","Lib67C0F0E7.galaxy","684","5","Galaxy 局部变量不能用 = 初始化，必须先声明再赋值","01-CoreRuntime.txt"
"CoreRuntime","SYNTAX_NO_LOCAL_INIT_ASSIGN","Lib67C0F0E7.galaxy","685","5","Galaxy 局部变量不能用 = 初始化，必须先声明再赋值","01-CoreRuntime.txt"
"CoreRuntime","SYNTAX_NO_LOCAL_INIT_ASSIGN","Lib67C0F0E7.galaxy","686","5","Galaxy 局部变量不能用 = 初始化，必须先声明再赋值","01-CoreRuntime.txt"
"CoreRuntime","SYNTAX_NO_LOCAL_INIT_ASSIGN","Lib67C0F0E7.galaxy","687","5","Galaxy 局部变量不能用 = 初始化，必须先声明再赋值","01-CoreRuntime.txt"
"CoreRuntime","SYNTAX_NO_LOCAL_INIT_ASSIGN","Lib67C0F0E7.galaxy","772","5","Galaxy 局部变量不能用 = 初始化，必须先声明再赋值","01-CoreRuntime.txt"
"CoreRuntime","SYNTAX_NO_LOCAL_INIT_ASSIGN","Lib67C0F0E7.galaxy","773","5","Galaxy 局部变量不能用 = 初始化，必须先声明再赋值","01-CoreRuntime.txt"
"CoreRuntime","SYNTAX_NO_LOCAL_INIT_ASSIGN","Lib67C0F0E7.galaxy","774","5","Galaxy 局部变量不能用 = 初始化，必须先声明再赋值","01-CoreRuntime.txt"
"CoreRuntime","SYNTAX_NO_LOCAL_INIT_ASSIGN","Lib67C0F0E7.galaxy","845","5","Galaxy 局部变量不能用 = 初始化，必须先声明再赋值","01-CoreRuntime.txt"
"CoreRuntime","SYNTAX_NO_LOCAL_INIT_ASSIGN","Lib67C0F0E7.galaxy","1079","5","Galaxy 局部变量不能用 = 初始化，必须先声明再赋值","01-CoreRuntime.txt"
"CoreRuntime","SYNTAX_NO_LOCAL_INIT_ASSIGN","Lib67C0F0E7.galaxy","1080","5","Galaxy 局部变量不能用 = 初始化，必须先声明再赋值","01-CoreRuntime.txt"
"CoreRuntime","SYNTAX_NO_LOCAL_INIT_ASSIGN","Lib67C0F0E7.galaxy","1081","5","Galaxy 局部变量不能用 = 初始化，必须先声明再赋值","01-CoreRuntime.txt"
"CoreRuntime","SYNTAX_NO_LOCAL_INIT_ASSIGN","Lib67C0F0E7.galaxy","1123","5","Galaxy 局部变量不能用 = 初始化，必须先声明再赋值","01-CoreRuntime.txt"
"CoreRuntime","SYNTAX_NO_LOCAL_INIT_ASSIGN","Lib67C0F0E7.galaxy","1149","5","Galaxy 局部变量不能用 = 初始化，必须先声明再赋值","01-CoreRuntime.txt"
"CoreRuntime","SYNTAX_NO_LOCAL_INIT_ASSIGN","Lib67C0F0E7.galaxy","1177","5","Galaxy 局部变量不能用 = 初始化，必须先声明再赋值","01-CoreRuntime.txt"
"CoreRuntime","SYNTAX_NO_LOCAL_INIT_ASSIGN","Lib67C0F0E7.galaxy","1178","5","Galaxy 局部变量不能用 = 初始化，必须先声明再赋值","01-CoreRuntime.txt"
"CoreRuntime","SYNTAX_NO_LOCAL_INIT_ASSIGN","Lib67C0F0E7.galaxy","1264","5","Galaxy 局部变量不能用 = 初始化，必须先声明再赋值","01-CoreRuntime.txt"
"CoreRuntime","SYNTAX_NO_LOCAL_INIT_ASSIGN","Lib67C0F0E7.galaxy","1265","5","Galaxy 局部变量不能用 = 初始化，必须先声明再赋值","01-CoreRuntime.txt"
"CoreRuntime","SYNTAX_NO_LOCAL_INIT_ASSIGN","Lib67C0F0E7.galaxy","1266","5","Galaxy 局部变量不能用 = 初始化，必须先声明再赋值","01-CoreRuntime.txt"
"CoreRuntime","SYNTAX_NO_LOCAL_INIT_ASSIGN","Lib67C0F0E7.galaxy","1304","5","Galaxy 局部变量不能用 = 初始化，必须先声明再赋值","01-CoreRuntime.txt"
"CoreRuntime","SYNTAX_NO_LOCAL_INIT_ASSIGN","Lib67C0F0E7.galaxy","1305","5","Galaxy 局部变量不能用 = 初始化，必须先声明再赋值","01-CoreRuntime.txt"
"CoreRuntime","SYNTAX_NO_LOCAL_INIT_ASSIGN","Lib67C0F0E7.galaxy","1306","5","Galaxy 局部变量不能用 = 初始化，必须先声明再赋值","01-CoreRuntime.txt"
"CoreRuntime","SYNTAX_NO_LOCAL_INIT_ASSIGN","Lib67C0F0E7.galaxy","1307","5","Galaxy 局部变量不能用 = 初始化，必须先声明再赋值","01-CoreRuntime.txt"
"CoreRuntime","SYNTAX_NO_LOCAL_INIT_ASSIGN","Lib67C0F0E7.galaxy","1347","5","Galaxy 局部变量不能用 = 初始化，必须先声明再赋值","01-CoreRuntime.txt"
"CoreRuntime","SYNTAX_NO_LOCAL_INIT_ASSIGN","Lib67C0F0E7.galaxy","1348","5","Galaxy 局部变量不能用 = 初始化，必须先声明再赋值","01-CoreRuntime.txt"
"CoreRuntime","SYNTAX_NO_LOCAL_INIT_ASSIGN","Lib67C0F0E7.galaxy","1349","5","Galaxy 局部变量不能用 = 初始化，必须先声明再赋值","01-CoreRuntime.txt"
"CoreRuntime","SYNTAX_NO_LOCAL_INIT_ASSIGN","Lib67C0F0E7.galaxy","1350","5","Galaxy 局部变量不能用 = 初始化，必须先声明再赋值","01-CoreRuntime.txt"
"CoreRuntime","SYNTAX_NO_LOCAL_INIT_ASSIGN","Lib67C0F0E7.galaxy","1633","5","Galaxy 局部变量不能用 = 初始化，必须先声明再赋值","01-CoreRuntime.txt"
"CoreRuntime","SYNTAX_NO_LOCAL_INIT_ASSIGN","Lib67C0F0E7.galaxy","2060","5","Galaxy 局部变量不能用 = 初始化，必须先声明再赋值","01-CoreRuntime.txt"
"CoreRuntime","SYNTAX_NO_LOCAL_INIT_ASSIGN","Lib67C0F0E7.galaxy","2061","5","Galaxy 局部变量不能用 = 初始化，必须先声明再赋值","01-CoreRuntime.txt"
"CoreRuntime","SYNTAX_NO_LOCAL_INIT_ASSIGN","Lib67C0F0E7.galaxy","2225","5","Galaxy 局部变量不能用 = 初始化，必须先声明再赋值","01-CoreRuntime.txt"
"CoreRuntime","SYNTAX_NO_LOCAL_INIT_ASSIGN","Lib67C0F0E7.galaxy","2226","5","Galaxy 局部变量不能用 = 初始化，必须先声明再赋值","01-CoreRuntime.txt"
"CoreRuntime","SYNTAX_NO_LOCAL_INIT_ASSIGN","Lib67C0F0E7.galaxy","2280","5","Galaxy 局部变量不能用 = 初始化，必须先声明再赋值","01-CoreRuntime.txt"
"CoreRuntime","SYNTAX_NO_LOCAL_INIT_ASSIGN","Lib67C0F0E7.galaxy","2281","5","Galaxy 局部变量不能用 = 初始化，必须先声明再赋值","01-CoreRuntime.txt"
"CoreRuntime","SYNTAX_NO_LOCAL_INIT_ASSIGN","Lib67C0F0E7.galaxy","2316","5","Galaxy 局部变量不能用 = 初始化，必须先声明再赋值","01-CoreRuntime.txt"
"CoreRuntime","SYNTAX_NO_LOCAL_INIT_ASSIGN","Lib67C0F0E7.galaxy","2317","5","Galaxy 局部变量不能用 = 初始化，必须先声明再赋值","01-CoreRuntime.txt"
"CoreRuntime","SYNTAX_NO_LOCAL_INIT_ASSIGN","Lib67C0F0E7.galaxy","2366","5","Galaxy 局部变量不能用 = 初始化，必须先声明再赋值","01-CoreRuntime.txt"
"CoreRuntime","SYNTAX_NO_LOCAL_INIT_ASSIGN","Lib67C0F0E7.galaxy","2367","5","Galaxy 局部变量不能用 = 初始化，必须先声明再赋值","01-CoreRuntime.txt"
"CoreRuntime","SYNTAX_NO_LOCAL_INIT_ASSIGN","Lib67C0F0E7.galaxy","2401","5","Galaxy 局部变量不能用 = 初始化，必须先声明再赋值","01-CoreRuntime.txt"
"CoreRuntime","SYNTAX_NO_LOCAL_INIT_ASSIGN","Lib67C0F0E7.galaxy","2402","5","Galaxy 局部变量不能用 = 初始化，必须先声明再赋值","01-CoreRuntime.txt"
"CoreRuntime","SYNTAX_NO_LOCAL_INIT_ASSIGN","Lib67C0F0E7.galaxy","2443","5","Galaxy 局部变量不能用 = 初始化，必须先声明再赋值","01-CoreRuntime.txt"
"CoreRuntime","SYNTAX_NO_LOCAL_INIT_ASSIGN","Lib67C0F0E7.galaxy","2444","5","Galaxy 局部变量不能用 = 初始化，必须先声明再赋值","01-CoreRuntime.txt"
"CoreRuntime","SYNTAX_NO_LOCAL_INIT_ASSIGN","Lib67C0F0E7.galaxy","2478","5","Galaxy 局部变量不能用 = 初始化，必须先声明再赋值","01-CoreRuntime.txt"
"CoreRuntime","SYNTAX_NO_LOCAL_INIT_ASSIGN","Lib67C0F0E7.galaxy","2479","5","Galaxy 局部变量不能用 = 初始化，必须先声明再赋值","01-CoreRuntime.txt"
"CoreRuntime","SYNTAX_NO_LOCAL_INIT_ASSIGN","Lib67C0F0E7.galaxy","2512","5","Galaxy 局部变量不能用 = 初始化，必须先声明再赋值","01-CoreRuntime.txt"
"CoreRuntime","SYNTAX_NO_LOCAL_INIT_ASSIGN","Lib67C0F0E7.galaxy","2513","5","Galaxy 局部变量不能用 = 初始化，必须先声明再赋值","01-CoreRuntime.txt"
"CoreRuntime","SYNTAX_NO_LOCAL_INIT_ASSIGN","Lib67C0F0E7.galaxy","2546","5","Galaxy 局部变量不能用 = 初始化，必须先声明再赋值","01-CoreRuntime.txt"
"CoreRuntime","SYNTAX_NO_LOCAL_INIT_ASSIGN","Lib67C0F0E7.galaxy","2547","5","Galaxy 局部变量不能用 = 初始化，必须先声明再赋值","01-CoreRuntime.txt"
"CoreRuntime","SYNTAX_NO_LOCAL_INIT_ASSIGN","Lib67C0F0E7.galaxy","2580","5","Galaxy 局部变量不能用 = 初始化，必须先声明再赋值","01-CoreRuntime.txt"
"CoreRuntime","SYNTAX_NO_LOCAL_INIT_ASSIGN","Lib67C0F0E7.galaxy","2581","5","Galaxy 局部变量不能用 = 初始化，必须先声明再赋值","01-CoreRuntime.txt"
"CoreRuntime","SYNTAX_NO_LOCAL_INIT_ASSIGN","Lib67C0F0E7.galaxy","2615","5","Galaxy 局部变量不能用 = 初始化，必须先声明再赋值","01-CoreRuntime.txt"
"CoreRuntime","SYNTAX_NO_LOCAL_INIT_ASSIGN","Lib67C0F0E7.galaxy","2616","5","Galaxy 局部变量不能用 = 初始化，必须先声明再赋值","01-CoreRuntime.txt"
"CoreRuntime","SYNTAX_NO_LOCAL_INIT_ASSIGN","Lib67C0F0E7.galaxy","2648","5","Galaxy 局部变量不能用 = 初始化，必须先声明再赋值","01-CoreRuntime.txt"
"CoreRuntime","SYNTAX_NO_LOCAL_INIT_ASSIGN","Lib67C0F0E7.galaxy","2649","5","Galaxy 局部变量不能用 = 初始化，必须先声明再赋值","01-CoreRuntime.txt"
"CoreRuntime","SYNTAX_NO_LOCAL_INIT_ASSIGN","Lib67C0F0E7.galaxy","2708","5","Galaxy 局部变量不能用 = 初始化，必须先声明再赋值","01-CoreRuntime.txt"
"CoreRuntime","SYNTAX_NO_LOCAL_INIT_ASSIGN","Lib67C0F0E7.galaxy","2709","5","Galaxy 局部变量不能用 = 初始化，必须先声明再赋值","01-CoreRuntime.txt"
"CoreRuntime","SYNTAX_NO_LOCAL_INIT_ASSIGN","Lib67C0F0E7.galaxy","2787","5","Galaxy 局部变量不能用 = 初始化，必须先声明再赋值","01-CoreRuntime.txt"
"CoreRuntime","SYNTAX_NO_LOCAL_INIT_ASSIGN","Lib67C0F0E7.galaxy","2788","5","Galaxy 局部变量不能用 = 初始化，必须先声明再赋值","01-CoreRuntime.txt"
"CoreRuntime","SYNTAX_NO_LOCAL_INIT_ASSIGN","Lib67C0F0E7.galaxy","2789","5","Galaxy 局部变量不能用 = 初始化，必须先声明再赋值","01-CoreRuntime.txt"
"CoreRuntime","SYNTAX_NO_LOCAL_INIT_ASSIGN","Lib67C0F0E7.galaxy","2790","5","Galaxy 局部变量不能用 = 初始化，必须先声明再赋值","01-CoreRuntime.txt"
"CoreRuntime","SYNTAX_NO_LOCAL_INIT_ASSIGN","Lib67C0F0E7.galaxy","2791","5","Galaxy 局部变量不能用 = 初始化，必须先声明再赋值","01-CoreRuntime.txt"
"CoreRuntime","SYNTAX_NO_LOCAL_INIT_ASSIGN","Lib67C0F0E7.galaxy","2792","5","Galaxy 局部变量不能用 = 初始化，必须先声明再赋值","01-CoreRuntime.txt"
"CoreRuntime","SYNTAX_NO_LOCAL_INIT_ASSIGN","Lib67C0F0E7.galaxy","2832","5","Galaxy 局部变量不能用 = 初始化，必须先声明再赋值","01-CoreRuntime.txt"
"CoreRuntime","SYNTAX_NO_LOCAL_INIT_ASSIGN","Lib67C0F0E7.galaxy","2833","5","Galaxy 局部变量不能用 = 初始化，必须先声明再赋值","01-CoreRuntime.txt"
"CoreRuntime","SYNTAX_NO_LOCAL_INIT_ASSIGN","Lib67C0F0E7.galaxy","2937","5","Galaxy 局部变量不能用 = 初始化，必须先声明再赋值","01-CoreRuntime.txt"
"CoreRuntime","SYNTAX_NO_LOCAL_INIT_ASSIGN","Lib67C0F0E7.galaxy","3018","5","Galaxy 局部变量不能用 = 初始化，必须先声明再赋值","01-CoreRuntime.txt"
"CoreRuntime","SYNTAX_NO_LOCAL_INIT_ASSIGN","Lib67C0F0E7.galaxy","3164","5","Galaxy 局部变量不能用 = 初始化，必须先声明再赋值","01-CoreRuntime.txt"
"CoreRuntime","SYNTAX_NO_LOCAL_INIT_ASSIGN","Lib67C0F0E7.galaxy","3165","5","Galaxy 局部变量不能用 = 初始化，必须先声明再赋值","01-CoreRuntime.txt"
"CoreRuntime","SYNTAX_NO_LOCAL_INIT_ASSIGN","Lib67C0F0E7.galaxy","3166","5","Galaxy 局部变量不能用 = 初始化，必须先声明再赋值","01-CoreRuntime.txt"
"CoreRuntime","SYNTAX_NO_LOCAL_INIT_ASSIGN","Lib67C0F0E7.galaxy","3167","5","Galaxy 局部变量不能用 = 初始化，必须先声明再赋值","01-CoreRuntime.txt"
"CoreRuntime","SYNTAX_NO_LOCAL_INIT_ASSIGN","Lib67C0F0E7.galaxy","4075","5","Galaxy 局部变量不能用 = 初始化，必须先声明再赋值","01-CoreRuntime.txt"
"CoreRuntime","SYNTAX_NO_LOCAL_INIT_ASSIGN","Lib67C0F0E7.galaxy","4076","5","Galaxy 局部变量不能用 = 初始化，必须先声明再赋值","01-CoreRuntime.txt"
"CoreRuntime","SYNTAX_NO_LOCAL_INIT_ASSIGN","Lib67C0F0E7.galaxy","4138","5","Galaxy 局部变量不能用 = 初始化，必须先声明再赋值","01-CoreRuntime.txt"
"CoreRuntime","SYNTAX_NO_LOCAL_INIT_ASSIGN","Lib67C0F0E7.galaxy","4139","5","Galaxy 局部变量不能用 = 初始化，必须先声明再赋值","01-CoreRuntime.txt"
"CoreRuntime","SEM_UNDECLARED_FUNCTION","Lib67C0F0E7.galaxy","711","5","未声明的函数 'SoundPlay()'","01-CoreRuntime.txt"
"CoreRuntime","SYNTAX_NO_LOCAL_INIT_ASSIGN","LibE0EAE146.galaxy","139","5","Galaxy 局部变量不能用 = 初始化，必须先声明再赋值","01-CoreRuntime.txt"
"CoreRuntime","SYNTAX_NO_LOCAL_INIT_ASSIGN","LibE0EAE146.galaxy","140","5","Galaxy 局部变量不能用 = 初始化，必须先声明再赋值","01-CoreRuntime.txt"
"CoreRuntime","SYNTAX_NO_CONTINUE","LibE0EAE146.galaxy","366","13","Galaxy 不支持 continue 语句，请用 if 块包裹","01-CoreRuntime.txt"
"CoreRuntime","SYNTAX_NO_CONTINUE","LibE0EAE146.galaxy","375","17","Galaxy 不支持 continue 语句，请用 if 块包裹","01-CoreRuntime.txt"
"CoreRuntime","SYNTAX_NO_CONTINUE","LibE0EAE146.galaxy","378","17","Galaxy 不支持 continue 语句，请用 if 块包裹","01-CoreRuntime.txt"
"CoreRuntime","SYNTAX_NO_CONTINUE","LibE0EAE146.galaxy","381","17","Galaxy 不支持 continue 语句，请用 if 块包裹","01-CoreRuntime.txt"
"CoreRuntime","SYNTAX_NO_CONTINUE","LibE0EAE146.galaxy","646","13","Galaxy 不支持 continue 语句，请用 if 块包裹","01-CoreRuntime.txt"
"CoreRuntime","SYNTAX_NO_CONTINUE","LibE0EAE146.galaxy","692","13","Galaxy 不支持 continue 语句，请用 if 块包裹","01-CoreRuntime.txt"
"CoreRuntime","SYNTAX_NO_CONTINUE","LibE0EAE146.galaxy","740","13","Galaxy 不支持 continue 语句，请用 if 块包裹","01-CoreRuntime.txt"
"CoreRuntime","SYNTAX_NO_CONTINUE","LibE0EAE146.galaxy","747","17","Galaxy 不支持 continue 语句，请用 if 块包裹","01-CoreRuntime.txt"
"CoreRuntime","SYNTAX_NO_CONTINUE","LibE0EAE146.galaxy","754","21","Galaxy 不支持 continue 语句，请用 if 块包裹","01-CoreRuntime.txt"
"CoreRuntime","SYNTAX_NO_CONTINUE","LibE0EAE146.galaxy","757","21","Galaxy 不支持 continue 语句，请用 if 块包裹","01-CoreRuntime.txt"
"CoreRuntime","SYNTAX_NO_CONTINUE","LibE0EAE146.galaxy","946","13","Galaxy 不支持 continue 语句，请用 if 块包裹","01-CoreRuntime.txt"
"CoreRuntime","XLIB_UNDEFINED_CROSS_REF","LibE0EAE146.galaxy","126","5","跨库引用未定义 'libE0EAE146_tychus_InitVariables()'","01-CoreRuntime.txt"
"CoreRuntime","XLIB_UNDEFINED_CROSS_REF","LibE0EAE146.galaxy","127","5","跨库引用未定义 'libE0EAE146_fenix_InitVariables()'","01-CoreRuntime.txt"
"CoreRuntime","XLIB_UNDEFINED_CROSS_REF","LibE0EAE146.galaxy","128","5","跨库引用未定义 'libE0EAE146_mengsk_InitVariables()'","01-CoreRuntime.txt"
"CoreRuntime","XLIB_DISALLOWED_NATIVE","LibE0EAE146.galaxy","887","5","调用了不允许的 native 函数 'UnitCreate()' (不应直接调用，请用 libNtve_gf_CreateUnitsAtPoint2 包装)","01-CoreRuntime.txt"
"CoreRuntime","XLIB_DISALLOWED_NATIVE","LibE0EAE146.galaxy","1219","5","调用了不允许的 native 函数 'UnitCreate()' (不应直接调用，请用 libNtve_gf_CreateUnitsAtPoint2 包装)","01-CoreRuntime.txt"
"CoreRuntime","XLIB_DISALLOWED_NATIVE","LibE0EAE146.galaxy","1226","5","调用了不允许的 native 函数 'UnitCreate()' (不应直接调用，请用 libNtve_gf_CreateUnitsAtPoint2 包装)","01-CoreRuntime.txt"
"CoreRuntime","XLIB_UNDEFINED_CROSS_REF","LibE0EAE146.galaxy","1502","9","跨库引用未定义 'libE0EAE146_gf_KerriganCreateMapStartSquad()'","01-CoreRuntime.txt"
"CoreRuntime","XLIB_UNDEFINED_CROSS_REF","LibE0EAE146.galaxy","1885","5","跨库引用未定义 'libE0EAE146_tychus_InitTriggers()'","01-CoreRuntime.txt"
"CoreRuntime","XLIB_UNDEFINED_CROSS_REF","LibE0EAE146.galaxy","1886","5","跨库引用未定义 'libE0EAE146_fenix_InitTriggers()'","01-CoreRuntime.txt"
"CoreRuntime","XLIB_UNDEFINED_CROSS_REF","LibE0EAE146.galaxy","1887","5","跨库引用未定义 'libE0EAE146_mengsk_InitTriggers()'","01-CoreRuntime.txt"
"CoreRuntime","XLIB_UNDEFINED_CROSS_REF","LibE0EAE146_CommanderStartSquads.galaxy","51","9","跨库引用未定义 'libE0EAE146_gf_RaynorCreateMapStartSquad()'","01-CoreRuntime.txt"
"CoreRuntime","XLIB_UNDEFINED_CROSS_REF","LibE0EAE146_CommanderStartSquads.galaxy","55","9","跨库引用未定义 'libE0EAE146_gf_RaynorCreateMapStartSquad()'","01-CoreRuntime.txt"
"CoreRuntime","XLIB_UNDEFINED_CROSS_REF","LibE0EAE146_CommanderStartSquads.galaxy","59","9","跨库引用未定义 'libE0EAE146_gf_RaynorCreateMapStartSquad()'","01-CoreRuntime.txt"
"CoreRuntime","XLIB_UNDEFINED_CROSS_REF","LibE0EAE146_CommanderStartSquads.galaxy","63","9","跨库引用未定义 'libE0EAE146_gf_KerriganCreateMapStartSquad()'","01-CoreRuntime.txt"
"CoreRuntime","XLIB_UNDEFINED_CROSS_REF","LibE0EAE146_CommanderStartSquads.galaxy","67","9","跨库引用未定义 'libE0EAE146_gf_KerriganCreateMapStartSquad()'","01-CoreRuntime.txt"
"CoreRuntime","XLIB_UNDEFINED_CROSS_REF","LibE0EAE146_CommanderStartSquads.galaxy","71","9","跨库引用未定义 'libE0EAE146_gf_AbathurCreateMapStartSquad()'","01-CoreRuntime.txt"
"CoreRuntime","XLIB_UNDEFINED_CROSS_REF","LibE0EAE146_CommanderStartSquads.galaxy","75","9","跨库引用未定义 'libE0EAE146_gf_ZagaraCreateMapStartSquad()'","01-CoreRuntime.txt"
"CoreRuntime","XLIB_UNDEFINED_CROSS_REF","LibE0EAE146_CommanderStartSquads.galaxy","79","9","跨库引用未定义 'libE0EAE146_gf_AlarakCreateMapStartSquad()'","01-CoreRuntime.txt"
"CoreRuntime","XLIB_UNDEFINED_CROSS_REF","LibE0EAE146_CommanderStartSquads.galaxy","83","9","跨库引用未定义 'libE0EAE146_gf_FenixCreateMapStartSquad()'","01-CoreRuntime.txt"
"CoreRuntime","XLIB_UNDEFINED_CROSS_REF","LibE0EAE146_CommanderStartSquads.galaxy","87","9","跨库引用未定义 'libE0EAE146_gf_VorazunCreateMapStartSquad()'","01-CoreRuntime.txt"
"CoreRuntime","XLIB_UNDEFINED_CROSS_REF","LibE0EAE146_CommanderStartSquads.galaxy","91","9","跨库引用未定义 'libE0EAE146_gf_KaraxCreateMapStartSquad()'","01-CoreRuntime.txt"
"CoreRuntime","XLIB_UNDEFINED_CROSS_REF","LibE0EAE146_CommanderStartSquads.galaxy","95","9","跨库引用未定义 'libE0EAE146_gf_ArtanisCreateMapStartSquad()'","01-CoreRuntime.txt"
"CoreRuntime","XLIB_UNDEFINED_CROSS_REF","LibE0EAE146_CommanderStartSquads.galaxy","99","9","跨库引用未定义 'libE0EAE146_gf_ZeratulCreateMapStartSquad()'","01-CoreRuntime.txt"
"CoreRuntime","XLIB_UNDEFINED_CROSS_REF","LibE0EAE146_CommanderStartSquads.galaxy","205","9","跨库引用未定义 'libE0EAE146_gf_RaynorCreateMapStartSquad()'","01-CoreRuntime.txt"
"CoreRuntime","XLIB_UNDEFINED_CROSS_REF","LibE0EAE146_CommanderStartSquads.galaxy","209","9","跨库引用未定义 'libE0EAE146_gf_RaynorCreateMapStartSquad()'","01-CoreRuntime.txt"
"CoreRuntime","XLIB_UNDEFINED_CROSS_REF","LibE0EAE146_CommanderStartSquads.galaxy","213","9","跨库引用未定义 'libE0EAE146_gf_RaynorCreateMapStartSquad()'","01-CoreRuntime.txt"
"CoreRuntime","XLIB_UNDEFINED_CROSS_REF","LibE0EAE146_CommanderStartSquads.galaxy","217","9","跨库引用未定义 'libE0EAE146_gf_KerriganCreateMapStartSquad()'","01-CoreRuntime.txt"
"CoreRuntime","XLIB_UNDEFINED_CROSS_REF","LibE0EAE146_CommanderStartSquads.galaxy","221","9","跨库引用未定义 'libE0EAE146_gf_AbathurCreateMapStartSquad()'","01-CoreRuntime.txt"
"CoreRuntime","XLIB_UNDEFINED_CROSS_REF","LibE0EAE146_CommanderStartSquads.galaxy","225","9","跨库引用未定义 'libE0EAE146_gf_ZagaraCreateMapStartSquad()'","01-CoreRuntime.txt"
"CoreRuntime","XLIB_UNDEFINED_CROSS_REF","LibE0EAE146_CommanderStartSquads.galaxy","229","9","跨库引用未定义 'libE0EAE146_gf_AlarakCreateMapStartSquad()'","01-CoreRuntime.txt"
"CoreRuntime","XLIB_UNDEFINED_CROSS_REF","LibE0EAE146_CommanderStartSquads.galaxy","233","9","跨库引用未定义 'libE0EAE146_gf_FenixCreateMapStartSquad()'","01-CoreRuntime.txt"
"CoreRuntime","XLIB_UNDEFINED_CROSS_REF","LibE0EAE146_CommanderStartSquads.galaxy","237","9","跨库引用未定义 'libE0EAE146_gf_VorazunCreateMapStartSquad()'","01-CoreRuntime.txt"
"CoreRuntime","XLIB_UNDEFINED_CROSS_REF","LibE0EAE146_CommanderStartSquads.galaxy","241","9","跨库引用未定义 'libE0EAE146_gf_KaraxCreateMapStartSquad()'","01-CoreRuntime.txt"
"CoreRuntime","XLIB_UNDEFINED_CROSS_REF","LibE0EAE146_CommanderStartSquads.galaxy","245","9","跨库引用未定义 'libE0EAE146_gf_ArtanisCreateMapStartSquad()'","01-CoreRuntime.txt"
"CoreRuntime","XLIB_UNDEFINED_CROSS_REF","LibE0EAE146_CommanderStartSquads.galaxy","249","9","跨库引用未定义 'libE0EAE146_gf_ZeratulCreateMapStartSquad()'","01-CoreRuntime.txt"
"CoreRuntime","XLIB_UNDEFINED_CROSS_REF","LibE0EAE146_CommanderStartSquads.galaxy","309","9","跨库引用未定义 'libE0EAE146_gf_RaynorCreateCargoSquad()'","01-CoreRuntime.txt"
"CoreRuntime","XLIB_UNDEFINED_CROSS_REF","LibE0EAE146_CommanderStartSquads.galaxy","313","9","跨库引用未定义 'libE0EAE146_gf_RaynorCreateCargoSquad()'","01-CoreRuntime.txt"
"CoreRuntime","XLIB_UNDEFINED_CROSS_REF","LibE0EAE146_CommanderStartSquads.galaxy","317","9","跨库引用未定义 'libE0EAE146_gf_KerriganCreateCargoSquad()'","01-CoreRuntime.txt"
"CoreRuntime","XLIB_UNDEFINED_CROSS_REF","LibE0EAE146_CommanderStartSquads.galaxy","321","9","跨库引用未定义 'libE0EAE146_gf_AbathurCreateCargoSquad()'","01-CoreRuntime.txt"
"CoreRuntime","XLIB_UNDEFINED_CROSS_REF","LibE0EAE146_CommanderStartSquads.galaxy","325","9","跨库引用未定义 'libE0EAE146_gf_ZagaraCreateCargoSquad()'","01-CoreRuntime.txt"
"CoreRuntime","XLIB_UNDEFINED_CROSS_REF","LibE0EAE146_CommanderStartSquads.galaxy","329","9","跨库引用未定义 'libE0EAE146_gf_AlarakCreateCargoSquad()'","01-CoreRuntime.txt"
"CoreRuntime","XLIB_UNDEFINED_CROSS_REF","LibE0EAE146_CommanderStartSquads.galaxy","333","9","跨库引用未定义 'libE0EAE146_gf_FenixCreateCargoSquad()'","01-CoreRuntime.txt"
"CoreRuntime","XLIB_UNDEFINED_CROSS_REF","LibE0EAE146_CommanderStartSquads.galaxy","337","9","跨库引用未定义 'libE0EAE146_gf_VorazunCreateCargoSquad()'","01-CoreRuntime.txt"
"CoreRuntime","XLIB_UNDEFINED_CROSS_REF","LibE0EAE146_CommanderStartSquads.galaxy","341","9","跨库引用未定义 'libE0EAE146_gf_KaraxCreateCargoSquad()'","01-CoreRuntime.txt"
"CoreRuntime","XLIB_UNDEFINED_CROSS_REF","LibE0EAE146_CommanderStartSquads.galaxy","345","9","跨库引用未定义 'libE0EAE146_gf_ArtanisCreateCargoSquad()'","01-CoreRuntime.txt"
"CoreRuntime","XLIB_UNDEFINED_CROSS_REF","LibE0EAE146_CommanderStartSquads.galaxy","349","9","跨库引用未定义 'libE0EAE146_gf_ZeratulCreateCargoSquad()'","01-CoreRuntime.txt"
"CoreRuntime","XLIB_UNDEFINED_CROSS_REF","LibE0EAE146_IzshaRuntime.galaxy","14","9","跨库引用未定义 'libE0EAE146_gf_ZagaraAllowUnitIfPresent()'","01-CoreRuntime.txt"
"CoreRuntime","SYNTAX_NO_LOCAL_INIT_ASSIGN","LibE0EAE146_TalentCatalog.galaxy","13","5","Galaxy 局部变量不能用 = 初始化，必须先声明再赋值","01-CoreRuntime.txt"
"CoreRuntime","SYNTAX_NO_LOCAL_INIT_ASSIGN","LibE0EAE146_TalentCatalog.galaxy","14","5","Galaxy 局部变量不能用 = 初始化，必须先声明再赋值","01-CoreRuntime.txt"
"CoreRuntime","SYNTAX_NO_LOCAL_INIT_ASSIGN","LibE0EAE146_TalentCatalog.galaxy","27","5","Galaxy 局部变量不能用 = 初始化，必须先声明再赋值","01-CoreRuntime.txt"
"CoreRuntime","SYNTAX_NO_LOCAL_INIT_ASSIGN","LibE0EAE146_TalentCatalog.galaxy","28","5","Galaxy 局部变量不能用 = 初始化，必须先声明再赋值","01-CoreRuntime.txt"
"CoreRuntime","SYNTAX_NO_LOCAL_INIT_ASSIGN","LibE0EAE146_TalentCatalog.galaxy","39","5","Galaxy 局部变量不能用 = 初始化，必须先声明再赋值","01-CoreRuntime.txt"
"CoreRuntime","SYNTAX_NO_LOCAL_INIT_ASSIGN","LibE0EAE146_TalentCatalog.galaxy","108","5","Galaxy 局部变量不能用 = 初始化，必须先声明再赋值","01-CoreRuntime.txt"
"CoreRuntime","SYNTAX_NO_LOCAL_INIT_ASSIGN","LibE0EAE146_TalentCatalog.galaxy","176","5","Galaxy 局部变量不能用 = 初始化，必须先声明再赋值","01-CoreRuntime.txt"
"CoreRuntime","SYNTAX_NO_LOCAL_INIT_ASSIGN","LibE0EAE146_TalentCatalog.galaxy","241","5","Galaxy 局部变量不能用 = 初始化，必须先声明再赋值","01-CoreRuntime.txt"
"CoreRuntime","SYNTAX_NO_LOCAL_INIT_ASSIGN","LibE0EAE146_TalentCatalog.galaxy","303","5","Galaxy 局部变量不能用 = 初始化，必须先声明再赋值","01-CoreRuntime.txt"
"CoreRuntime","SYNTAX_NO_LOCAL_INIT_ASSIGN","LibE0EAE146_TalentCatalog.galaxy","367","5","Galaxy 局部变量不能用 = 初始化，必须先声明再赋值","01-CoreRuntime.txt"
"CoreRuntime","SYNTAX_NO_LOCAL_INIT_ASSIGN","LibE0EAE146_TalentCatalog.galaxy","435","5","Galaxy 局部变量不能用 = 初始化，必须先声明再赋值","01-CoreRuntime.txt"
"CoreRuntime","SYNTAX_NO_LOCAL_INIT_ASSIGN","LibE0EAE146_TalentCatalog.galaxy","500","5","Galaxy 局部变量不能用 = 初始化，必须先声明再赋值","01-CoreRuntime.txt"
"CoreRuntime","SYNTAX_NO_LOCAL_INIT_ASSIGN","LibE0EAE146_TalentCatalog.galaxy","570","5","Galaxy 局部变量不能用 = 初始化，必须先声明再赋值","01-CoreRuntime.txt"
"CoreRuntime","SYNTAX_NO_LOCAL_INIT_ASSIGN","LibE0EAE146_TalentCatalog.galaxy","633","5","Galaxy 局部变量不能用 = 初始化，必须先声明再赋值","01-CoreRuntime.txt"
"CoreRuntime","SYNTAX_NO_LOCAL_INIT_ASSIGN","LibE0EAE146_TalentCatalog.galaxy","696","5","Galaxy 局部变量不能用 = 初始化，必须先声明再赋值","01-CoreRuntime.txt"
"CoreRuntime","SYNTAX_NO_LOCAL_INIT_ASSIGN","LibE0EAE146_TalentCatalog.galaxy","771","5","Galaxy 局部变量不能用 = 初始化，必须先声明再赋值","01-CoreRuntime.txt"
"CoreRuntime","SYNTAX_NO_LOCAL_INIT_ASSIGN","LibE0EAE146_TalentCatalog.galaxy","833","5","Galaxy 局部变量不能用 = 初始化，必须先声明再赋值","01-CoreRuntime.txt"
"CoreRuntime","SYNTAX_NO_LOCAL_INIT_ASSIGN","LibE0EAE146_TalentCatalog.galaxy","900","5","Galaxy 局部变量不能用 = 初始化，必须先声明再赋值","01-CoreRuntime.txt"
"CoreRuntime","SYNTAX_NO_LOCAL_INIT_ASSIGN","LibE0EAE146_TalentCatalog.galaxy","970","5","Galaxy 局部变量不能用 = 初始化，必须先声明再赋值","01-CoreRuntime.txt"
"CoreRuntime","SYNTAX_NO_LOCAL_INIT_ASSIGN","LibE0EAE146_TalentCatalog.galaxy","1037","5","Galaxy 局部变量不能用 = 初始化，必须先声明再赋值","01-CoreRuntime.txt"
"CoreRuntime","SYNTAX_NO_LOCAL_INIT_ASSIGN","LibE0EAE146_TalentCatalog.galaxy","1102","5","Galaxy 局部变量不能用 = 初始化，必须先声明再赋值","01-CoreRuntime.txt"
"CoreRuntime","SYNTAX_NO_LOCAL_INIT_ASSIGN","LibE0EAE146_TalentCatalog.galaxy","1167","5","Galaxy 局部变量不能用 = 初始化，必须先声明再赋值","01-CoreRuntime.txt"
"CoreRuntime","SYNTAX_NO_LOCAL_INIT_ASSIGN","LibKCOR.galaxy","197","5","Galaxy 局部变量不能用 = 初始化，必须先声明再赋值","01-CoreRuntime.txt"
"CoreRuntime","SYNTAX_NO_LOCAL_INIT_ASSIGN","LibKCOR.galaxy","457","5","Galaxy 局部变量不能用 = 初始化，必须先声明再赋值","01-CoreRuntime.txt"
"CoreRuntime","SYNTAX_NO_LOCAL_INIT_ASSIGN","LibKCOR.galaxy","459","5","Galaxy 局部变量不能用 = 初始化，必须先声明再赋值","01-CoreRuntime.txt"
"CoreRuntime","SYNTAX_NO_LOCAL_INIT_ASSIGN","LibKCOR.galaxy","461","5","Galaxy 局部变量不能用 = 初始化，必须先声明再赋值","01-CoreRuntime.txt"
"CoreRuntime","SYNTAX_NO_LOCAL_INIT_ASSIGN","LibKCOR.galaxy","463","5","Galaxy 局部变量不能用 = 初始化，必须先声明再赋值","01-CoreRuntime.txt"
"CoreRuntime","SYNTAX_NO_LOCAL_INIT_ASSIGN","LibKCOR.galaxy","466","5","Galaxy 局部变量不能用 = 初始化，必须先声明再赋值","01-CoreRuntime.txt"
"CoreRuntime","SYNTAX_NO_LOCAL_INIT_ASSIGN","LibKCOR.galaxy","468","5","Galaxy 局部变量不能用 = 初始化，必须先声明再赋值","01-CoreRuntime.txt"
"CoreRuntime","SYNTAX_NO_LOCAL_INIT_ASSIGN","LibKCOR.galaxy","470","5","Galaxy 局部变量不能用 = 初始化，必须先声明再赋值","01-CoreRuntime.txt"
"CoreRuntime","SYNTAX_NO_LOCAL_INIT_ASSIGN","LibKCOR.galaxy","472","5","Galaxy 局部变量不能用 = 初始化，必须先声明再赋值","01-CoreRuntime.txt"
"CoreRuntime","SYNTAX_NO_LOCAL_INIT_ASSIGN","LibKCOR.galaxy","475","5","Galaxy 局部变量不能用 = 初始化，必须先声明再赋值","01-CoreRuntime.txt"
"CoreRuntime","SYNTAX_NO_LOCAL_INIT_ASSIGN","LibKCOR.galaxy","697","5","Galaxy 局部变量不能用 = 初始化，必须先声明再赋值","01-CoreRuntime.txt"
"CoreRuntime","SYNTAX_NO_LOCAL_INIT_ASSIGN","LibKCOR.galaxy","717","5","Galaxy 局部变量不能用 = 初始化，必须先声明再赋值","01-CoreRuntime.txt"
"CoreRuntime","SYNTAX_NO_LOCAL_INIT_ASSIGN","LibKCOR.galaxy","718","5","Galaxy 局部变量不能用 = 初始化，必须先声明再赋值","01-CoreRuntime.txt"
"CoreRuntime","SYNTAX_NO_LOCAL_INIT_ASSIGN","LibKCOR.galaxy","990","5","Galaxy 局部变量不能用 = 初始化，必须先声明再赋值","01-CoreRuntime.txt"
"CoreRuntime","SYNTAX_NO_LOCAL_INIT_ASSIGN","LibKCOR.galaxy","1337","5","Galaxy 局部变量不能用 = 初始化，必须先声明再赋值","01-CoreRuntime.txt"
"CoreRuntime","SYNTAX_NO_LOCAL_INIT_ASSIGN","LibKCOR.galaxy","1339","5","Galaxy 局部变量不能用 = 初始化，必须先声明再赋值","01-CoreRuntime.txt"
"CoreRuntime","SYNTAX_NO_CONTINUE","LibKCOR.galaxy","1769","13","Galaxy 不支持 continue 语句，请用 if 块包裹","01-CoreRuntime.txt"
"CoreRuntime","SYNTAX_NO_LOCAL_INIT_ASSIGN","LibKCOR.galaxy","2587","5","Galaxy 局部变量不能用 = 初始化，必须先声明再赋值","01-CoreRuntime.txt"
"CoreRuntime","SYNTAX_NO_LOCAL_INIT_ASSIGN","LibKCOR.galaxy","2589","5","Galaxy 局部变量不能用 = 初始化，必须先声明再赋值","01-CoreRuntime.txt"
"CoreRuntime","SYNTAX_NO_LOCAL_INIT_ASSIGN","LibKCOR.galaxy","2591","5","Galaxy 局部变量不能用 = 初始化，必须先声明再赋值","01-CoreRuntime.txt"
"CoreRuntime","SYNTAX_NO_LOCAL_INIT_ASSIGN","LibKCOR.galaxy","2885","5","Galaxy 局部变量不能用 = 初始化，必须先声明再赋值","01-CoreRuntime.txt"
"CoreRuntime","SYNTAX_NO_LOCAL_INIT_ASSIGN","LibKCOR.galaxy","2887","5","Galaxy 局部变量不能用 = 初始化，必须先声明再赋值","01-CoreRuntime.txt"
"CoreRuntime","SYNTAX_NO_CONTINUE","LibKCOR.galaxy","2900","13","Galaxy 不支持 continue 语句，请用 if 块包裹","01-CoreRuntime.txt"
"CoreRuntime","SYNTAX_NO_LOCAL_INIT_ASSIGN","LibKCOR.galaxy","3480","5","Galaxy 局部变量不能用 = 初始化，必须先声明再赋值","01-CoreRuntime.txt"
"CoreRuntime","SYNTAX_NO_LOCAL_INIT_ASSIGN","LibKCOR.galaxy","3482","5","Galaxy 局部变量不能用 = 初始化，必须先声明再赋值","01-CoreRuntime.txt"
"CoreRuntime","SYNTAX_NO_LOCAL_INIT_ASSIGN","LibKCOR.galaxy","3809","5","Galaxy 局部变量不能用 = 初始化，必须先声明再赋值","01-CoreRuntime.txt"
"CoreRuntime","SYNTAX_NO_LOCAL_INIT_ASSIGN","LibKCOR.galaxy","3810","5","Galaxy 局部变量不能用 = 初始化，必须先声明再赋值","01-CoreRuntime.txt"
"CoreRuntime","SYNTAX_NO_LOCAL_INIT_ASSIGN","LibKCOR.galaxy","3811","5","Galaxy 局部变量不能用 = 初始化，必须先声明再赋值","01-CoreRuntime.txt"
"CoreRuntime","SYNTAX_NO_LOCAL_INIT_ASSIGN","LibKCOR.galaxy","3932","5","Galaxy 局部变量不能用 = 初始化，必须先声明再赋值","01-CoreRuntime.txt"
"CoreRuntime","SYNTAX_NO_LOCAL_INIT_ASSIGN","LibKCOR.galaxy","3933","5","Galaxy 局部变量不能用 = 初始化，必须先声明再赋值","01-CoreRuntime.txt"
"CoreRuntime","SYNTAX_NO_LOCAL_INIT_ASSIGN","LibKCOR.galaxy","4554","5","Galaxy 局部变量不能用 = 初始化，必须先声明再赋值","01-CoreRuntime.txt"
"CoreRuntime","SYNTAX_NO_LOCAL_INIT_ASSIGN","LibKCUI.galaxy","857","5","Galaxy 局部变量不能用 = 初始化，必须先声明再赋值","01-CoreRuntime.txt"
"CoreRuntime","SYNTAX_NO_LOCAL_INIT_ASSIGN","LibKCUI.galaxy","858","5","Galaxy 局部变量不能用 = 初始化，必须先声明再赋值","01-CoreRuntime.txt"
"CoreRuntime","SYNTAX_NO_LOCAL_INIT_ASSIGN","LibKCUI.galaxy","859","5","Galaxy 局部变量不能用 = 初始化，必须先声明再赋值","01-CoreRuntime.txt"
"CoreRuntime","SYNTAX_NO_LOCAL_INIT_ASSIGN","LibKCUI.galaxy","994","5","Galaxy 局部变量不能用 = 初始化，必须先声明再赋值","01-CoreRuntime.txt"
"CoreRuntime","SYNTAX_NO_LOCAL_INIT_ASSIGN","LibKCUI.galaxy","995","5","Galaxy 局部变量不能用 = 初始化，必须先声明再赋值","01-CoreRuntime.txt"
"CoreRuntime","SYNTAX_NO_LOCAL_INIT_ASSIGN","LibKCUI.galaxy","996","5","Galaxy 局部变量不能用 = 初始化，必须先声明再赋值","01-CoreRuntime.txt"
"CoreRuntime","SYNTAX_NO_LOCAL_INIT_ASSIGN","LibKCUI.galaxy","997","5","Galaxy 局部变量不能用 = 初始化，必须先声明再赋值","01-CoreRuntime.txt"
"CoreRuntime","SYNTAX_NO_LOCAL_INIT_ASSIGN","LibKCUI.galaxy","998","5","Galaxy 局部变量不能用 = 初始化，必须先声明再赋值","01-CoreRuntime.txt"
"CoreRuntime","SYNTAX_NO_LOCAL_INIT_ASSIGN","LibKCUI.galaxy","999","5","Galaxy 局部变量不能用 = 初始化，必须先声明再赋值","01-CoreRuntime.txt"
"CoreRuntime","SYNTAX_NO_LOCAL_INIT_ASSIGN","LibKCUI.galaxy","1000","5","Galaxy 局部变量不能用 = 初始化，必须先声明再赋值","01-CoreRuntime.txt"
"CoreRuntime","SYNTAX_NO_LOCAL_INIT_ASSIGN","LibKCUI.galaxy","1165","5","Galaxy 局部变量不能用 = 初始化，必须先声明再赋值","01-CoreRuntime.txt"
"CoreRuntime","SYNTAX_NO_LOCAL_INIT_ASSIGN","LibKCUI.galaxy","1166","5","Galaxy 局部变量不能用 = 初始化，必须先声明再赋值","01-CoreRuntime.txt"
"CoreRuntime","SYNTAX_NO_LOCAL_INIT_ASSIGN","LibKCUI.galaxy","1291","5","Galaxy 局部变量不能用 = 初始化，必须先声明再赋值","01-CoreRuntime.txt"
"CoreRuntime","SYNTAX_NO_LOCAL_INIT_ASSIGN","LibKCUI.galaxy","1292","5","Galaxy 局部变量不能用 = 初始化，必须先声明再赋值","01-CoreRuntime.txt"
"CoreRuntime","SYNTAX_NO_LOCAL_INIT_ASSIGN","LibKCUI.galaxy","1293","5","Galaxy 局部变量不能用 = 初始化，必须先声明再赋值","01-CoreRuntime.txt"
"CoreRuntime","SYNTAX_NO_LOCAL_INIT_ASSIGN","LibKCUI.galaxy","1294","5","Galaxy 局部变量不能用 = 初始化，必须先声明再赋值","01-CoreRuntime.txt"
"CoreRuntime","SYNTAX_NO_LOCAL_INIT_ASSIGN","LibKCUI.galaxy","1450","5","Galaxy 局部变量不能用 = 初始化，必须先声明再赋值","01-CoreRuntime.txt"
"CoreRuntime","SYNTAX_NO_LOCAL_INIT_ASSIGN","LibKCUI.galaxy","1451","5","Galaxy 局部变量不能用 = 初始化，必须先声明再赋值","01-CoreRuntime.txt"
"CoreRuntime","SYNTAX_NO_LOCAL_INIT_ASSIGN","LibKCUI.galaxy","1452","5","Galaxy 局部变量不能用 = 初始化，必须先声明再赋值","01-CoreRuntime.txt"
"CoreRuntime","SYNTAX_NO_LOCAL_INIT_ASSIGN","LibKCUI.galaxy","1723","5","Galaxy 局部变量不能用 = 初始化，必须先声明再赋值","01-CoreRuntime.txt"
"CoreRuntime","SYNTAX_NO_LOCAL_INIT_ASSIGN","LibKCUI.galaxy","1724","5","Galaxy 局部变量不能用 = 初始化，必须先声明再赋值","01-CoreRuntime.txt"
"CoreRuntime","SYNTAX_NO_LOCAL_INIT_ASSIGN","LibKCUI.galaxy","1832","5","Galaxy 局部变量不能用 = 初始化，必须先声明再赋值","01-CoreRuntime.txt"
"CoreRuntime","SYNTAX_NO_LOCAL_INIT_ASSIGN","LibKCUI.galaxy","1833","5","Galaxy 局部变量不能用 = 初始化，必须先声明再赋值","01-CoreRuntime.txt"
"CoreRuntime","SYNTAX_NO_LOCAL_INIT_ASSIGN","LibKCUI.galaxy","1869","5","Galaxy 局部变量不能用 = 初始化，必须先声明再赋值","01-CoreRuntime.txt"
"CoreRuntime","SYNTAX_NO_LOCAL_INIT_ASSIGN","LibKCUI.galaxy","1870","5","Galaxy 局部变量不能用 = 初始化，必须先声明再赋值","01-CoreRuntime.txt"
"CoreRuntime","SYNTAX_NO_LOCAL_INIT_ASSIGN","LibKCUI.galaxy","1933","5","Galaxy 局部变量不能用 = 初始化，必须先声明再赋值","01-CoreRuntime.txt"
"CoreRuntime","SYNTAX_NO_LOCAL_INIT_ASSIGN","LibKCUI.galaxy","1934","5","Galaxy 局部变量不能用 = 初始化，必须先声明再赋值","01-CoreRuntime.txt"
"CoreRuntime","SYNTAX_NO_LOCAL_INIT_ASSIGN","LibKCUI.galaxy","1968","5","Galaxy 局部变量不能用 = 初始化，必须先声明再赋值","01-CoreRuntime.txt"
"CoreRuntime","SYNTAX_NO_LOCAL_INIT_ASSIGN","LibKCUI.galaxy","1969","5","Galaxy 局部变量不能用 = 初始化，必须先声明再赋值","01-CoreRuntime.txt"
"CoreRuntime","SYNTAX_NO_LOCAL_INIT_ASSIGN","LibKCUI.galaxy","2003","5","Galaxy 局部变量不能用 = 初始化，必须先声明再赋值","01-CoreRuntime.txt"
"CoreRuntime","SYNTAX_NO_LOCAL_INIT_ASSIGN","LibKCUI.galaxy","2004","5","Galaxy 局部变量不能用 = 初始化，必须先声明再赋值","01-CoreRuntime.txt"
"CoreRuntime","SYNTAX_NO_LOCAL_INIT_ASSIGN","LibKCUI.galaxy","2038","5","Galaxy 局部变量不能用 = 初始化，必须先声明再赋值","01-CoreRuntime.txt"
"CoreRuntime","SYNTAX_NO_LOCAL_INIT_ASSIGN","LibKCUI.galaxy","2039","5","Galaxy 局部变量不能用 = 初始化，必须先声明再赋值","01-CoreRuntime.txt"
"CoreRuntime","SYNTAX_NO_LOCAL_INIT_ASSIGN","LibKCUI.galaxy","2072","5","Galaxy 局部变量不能用 = 初始化，必须先声明再赋值","01-CoreRuntime.txt"
"CoreRuntime","SYNTAX_NO_LOCAL_INIT_ASSIGN","LibKCUI.galaxy","2073","5","Galaxy 局部变量不能用 = 初始化，必须先声明再赋值","01-CoreRuntime.txt"
"CoreRuntime","SYNTAX_NO_LOCAL_INIT_ASSIGN","LibKCUI.galaxy","2106","5","Galaxy 局部变量不能用 = 初始化，必须先声明再赋值","01-CoreRuntime.txt"
"CoreRuntime","SYNTAX_NO_LOCAL_INIT_ASSIGN","LibKCUI.galaxy","2107","5","Galaxy 局部变量不能用 = 初始化，必须先声明再赋值","01-CoreRuntime.txt"
"CoreRuntime","SYNTAX_NO_LOCAL_INIT_ASSIGN","LibKCUI.galaxy","2140","5","Galaxy 局部变量不能用 = 初始化，必须先声明再赋值","01-CoreRuntime.txt"
"CoreRuntime","SYNTAX_NO_LOCAL_INIT_ASSIGN","LibKCUI.galaxy","2141","5","Galaxy 局部变量不能用 = 初始化，必须先声明再赋值","01-CoreRuntime.txt"
"CoreRuntime","SYNTAX_NO_LOCAL_INIT_ASSIGN","LibKCUI.galaxy","2175","5","Galaxy 局部变量不能用 = 初始化，必须先声明再赋值","01-CoreRuntime.txt"
"CoreRuntime","SYNTAX_NO_LOCAL_INIT_ASSIGN","LibKCUI.galaxy","2176","5","Galaxy 局部变量不能用 = 初始化，必须先声明再赋值","01-CoreRuntime.txt"
"CoreRuntime","SYNTAX_NO_LOCAL_INIT_ASSIGN","LibKCUI.galaxy","2202","5","Galaxy 局部变量不能用 = 初始化，必须先声明再赋值","01-CoreRuntime.txt"
"CoreRuntime","SYNTAX_NO_LOCAL_INIT_ASSIGN","LibKCUI.galaxy","2203","5","Galaxy 局部变量不能用 = 初始化，必须先声明再赋值","01-CoreRuntime.txt"
"CoreRuntime","SYNTAX_NO_LOCAL_INIT_ASSIGN","LibKCUI.galaxy","2244","5","Galaxy 局部变量不能用 = 初始化，必须先声明再赋值","01-CoreRuntime.txt"
"CoreRuntime","SYNTAX_NO_LOCAL_INIT_ASSIGN","LibKCUI.galaxy","2245","5","Galaxy 局部变量不能用 = 初始化，必须先声明再赋值","01-CoreRuntime.txt"
"CoreRuntime","SYNTAX_NO_LOCAL_INIT_ASSIGN","LibKCUI.galaxy","2279","5","Galaxy 局部变量不能用 = 初始化，必须先声明再赋值","01-CoreRuntime.txt"
"CoreRuntime","SYNTAX_NO_LOCAL_INIT_ASSIGN","LibKCUI.galaxy","2280","5","Galaxy 局部变量不能用 = 初始化，必须先声明再赋值","01-CoreRuntime.txt"
"CoreRuntime","SYNTAX_NO_LOCAL_INIT_ASSIGN","LibKCUI.galaxy","2340","5","Galaxy 局部变量不能用 = 初始化，必须先声明再赋值","01-CoreRuntime.txt"
"CoreRuntime","SYNTAX_NO_LOCAL_INIT_ASSIGN","LibKCUI.galaxy","2342","5","Galaxy 局部变量不能用 = 初始化，必须先声明再赋值","01-CoreRuntime.txt"
"CoreRuntime","SYNTAX_NO_LOCAL_INIT_ASSIGN","LibKCUI.galaxy","2541","5","Galaxy 局部变量不能用 = 初始化，必须先声明再赋值","01-CoreRuntime.txt"
"CoreRuntime","SYNTAX_NO_LOCAL_INIT_ASSIGN","LibKCUI.galaxy","2542","5","Galaxy 局部变量不能用 = 初始化，必须先声明再赋值","01-CoreRuntime.txt"
"CoreRuntime","SYNTAX_NO_LOCAL_INIT_ASSIGN","LibKCUI.galaxy","2543","5","Galaxy 局部变量不能用 = 初始化，必须先声明再赋值","01-CoreRuntime.txt"
"CoreRuntime","SYNTAX_NO_LOCAL_INIT_ASSIGN","LibKCUI.galaxy","2544","5","Galaxy 局部变量不能用 = 初始化，必须先声明再赋值","01-CoreRuntime.txt"
"CoreRuntime","SYNTAX_NO_LOCAL_INIT_ASSIGN","LibKCUI.galaxy","2770","5","Galaxy 局部变量不能用 = 初始化，必须先声明再赋值","01-CoreRuntime.txt"
"CoreRuntime","SYNTAX_NO_LOCAL_INIT_ASSIGN","LibKCUI.galaxy","2772","5","Galaxy 局部变量不能用 = 初始化，必须先声明再赋值","01-CoreRuntime.txt"
"CoreRuntime","SYNTAX_NO_LOCAL_INIT_ASSIGN","LibKCUI.galaxy","2773","5","Galaxy 局部变量不能用 = 初始化，必须先声明再赋值","01-CoreRuntime.txt"
"CoreRuntime","SYNTAX_NO_LOCAL_INIT_ASSIGN","LibKCUI.galaxy","2774","5","Galaxy 局部变量不能用 = 初始化，必须先声明再赋值","01-CoreRuntime.txt"
"CoreRuntime","SYNTAX_NO_LOCAL_INIT_ASSIGN","LibKCUI.galaxy","2901","5","Galaxy 局部变量不能用 = 初始化，必须先声明再赋值","01-CoreRuntime.txt"
"CoreRuntime","SYNTAX_NO_LOCAL_INIT_ASSIGN","LibKCUI.galaxy","2944","5","Galaxy 局部变量不能用 = 初始化，必须先声明再赋值","01-CoreRuntime.txt"
"CoreRuntime","SYNTAX_NO_LOCAL_INIT_ASSIGN","LibKCUI.galaxy","3013","5","Galaxy 局部变量不能用 = 初始化，必须先声明再赋值","01-CoreRuntime.txt"
"CoreRuntime","SYNTAX_NO_LOCAL_INIT_ASSIGN","LibKCUI.galaxy","3025","5","Galaxy 局部变量不能用 = 初始化，必须先声明再赋值","01-CoreRuntime.txt"
"CoreRuntime","SYNTAX_NO_LOCAL_INIT_ASSIGN","LibKCUI.galaxy","3027","5","Galaxy 局部变量不能用 = 初始化，必须先声明再赋值","01-CoreRuntime.txt"
"CoreRuntime","SYNTAX_NO_LOCAL_INIT_ASSIGN","LibKCUI.galaxy","3166","5","Galaxy 局部变量不能用 = 初始化，必须先声明再赋值","01-CoreRuntime.txt"
"CoreRuntime","SYNTAX_NO_LOCAL_INIT_ASSIGN","LibKCUI.galaxy","3191","5","Galaxy 局部变量不能用 = 初始化，必须先声明再赋值","01-CoreRuntime.txt"
"CoreRuntime","SYNTAX_NO_LOCAL_INIT_ASSIGN","LibKCUI.galaxy","3200","5","Galaxy 局部变量不能用 = 初始化，必须先声明再赋值","01-CoreRuntime.txt"
"CoreRuntime","SYNTAX_NO_LOCAL_INIT_ASSIGN","LibKCUI.galaxy","3201","5","Galaxy 局部变量不能用 = 初始化，必须先声明再赋值","01-CoreRuntime.txt"
"CoreRuntime","SYNTAX_NO_LOCAL_INIT_ASSIGN","LibKCUI.galaxy","3246","5","Galaxy 局部变量不能用 = 初始化，必须先声明再赋值","01-CoreRuntime.txt"
"CoreRuntime","SYNTAX_NO_LOCAL_INIT_ASSIGN","LibKCUI.galaxy","3874","5","Galaxy 局部变量不能用 = 初始化，必须先声明再赋值","01-CoreRuntime.txt"
"CoreRuntime","SYNTAX_NO_LOCAL_INIT_ASSIGN","LibKCUI.galaxy","3875","5","Galaxy 局部变量不能用 = 初始化，必须先声明再赋值","01-CoreRuntime.txt"
"CoreRuntime","SYNTAX_NO_LOCAL_INIT_ASSIGN","LibKCUI.galaxy","3936","5","Galaxy 局部变量不能用 = 初始化，必须先声明再赋值","01-CoreRuntime.txt"
"CoreRuntime","SYNTAX_NO_LOCAL_INIT_ASSIGN","LibKCUI.galaxy","3937","5","Galaxy 局部变量不能用 = 初始化，必须先声明再赋值","01-CoreRuntime.txt"
"CoreRuntime","SEM_INVALID_TEXT_CONCAT","LibKCUI.galaxy","2310","113","text 类型不能用 + 拼接，请用 string 拼接后再用 StringToText() 转换（text + text）","01-CoreRuntime.txt"
"CoreRuntime","SEM_INVALID_TEXT_CONCAT","LibKCUI.galaxy","2310","159","text 类型不能用 + 拼接，请用 string 拼接后再用 StringToText() 转换（text + text）","01-CoreRuntime.txt"
"CoreRuntime","SEM_INVALID_TEXT_CONCAT","LibKCUI.galaxy","2310","175","text 类型不能用 + 拼接，请用 string 拼接后再用 StringToText() 转换（text + text）","01-CoreRuntime.txt"
"CoreRuntime","SEM_INVALID_TEXT_CONCAT","LibKCUI.galaxy","2310","192","text 类型不能用 + 拼接，请用 string 拼接后再用 StringToText() 转换（text + text）","01-CoreRuntime.txt"
"CoreRuntime","SEM_INVALID_TEXT_CONCAT","LibKCUI.galaxy","2310","238","text 类型不能用 + 拼接，请用 string 拼接后再用 StringToText() 转换（text + text）","01-CoreRuntime.txt"
"CoreRuntime","SEM_INVALID_TEXT_CONCAT","LibKCUI.galaxy","2310","288","text 类型不能用 + 拼接，请用 string 拼接后再用 StringToText() 转换（text + text）","01-CoreRuntime.txt"
"CoreRuntime","SEM_INVALID_TEXT_CONCAT","LibKCUI.galaxy","2313","113","text 类型不能用 + 拼接，请用 string 拼接后再用 StringToText() 转换（text + text）","01-CoreRuntime.txt"
"CoreRuntime","SEM_INVALID_TEXT_CONCAT","LibKCUI.galaxy","2313","159","text 类型不能用 + 拼接，请用 string 拼接后再用 StringToText() 转换（text + text）","01-CoreRuntime.txt"
"CoreRuntime","SEM_INVALID_TEXT_CONCAT","LibKCUI.galaxy","2313","175","text 类型不能用 + 拼接，请用 string 拼接后再用 StringToText() 转换（text + text）","01-CoreRuntime.txt"
"CoreRuntime","SEM_INVALID_TEXT_CONCAT","LibKCUI.galaxy","2313","192","text 类型不能用 + 拼接，请用 string 拼接后再用 StringToText() 转换（text + text）","01-CoreRuntime.txt"
"CoreRuntime","SEM_INVALID_TEXT_CONCAT","LibKCUI.galaxy","2313","238","text 类型不能用 + 拼接，请用 string 拼接后再用 StringToText() 转换（text + text）","01-CoreRuntime.txt"
"CoreRuntime","SEM_INVALID_TEXT_CONCAT","LibKCUI.galaxy","2316","128","text 类型不能用 + 拼接，请用 string 拼接后再用 StringToText() 转换（text + text）","01-CoreRuntime.txt"
"CoreRuntime","SEM_INVALID_TEXT_CONCAT","LibKCUI.galaxy","2316","189","text 类型不能用 + 拼接，请用 string 拼接后再用 StringToText() 转换（text + text）","01-CoreRuntime.txt"
"CoreRuntime","SEM_INVALID_TEXT_CONCAT","LibKCUI.galaxy","2316","205","text 类型不能用 + 拼接，请用 string 拼接后再用 StringToText() 转换（text + text）","01-CoreRuntime.txt"
"CoreRuntime","SEM_INVALID_TEXT_CONCAT","LibKCUI.galaxy","2316","222","text 类型不能用 + 拼接，请用 string 拼接后再用 StringToText() 转换（text + text）","01-CoreRuntime.txt"
"CoreRuntime","SEM_INVALID_TEXT_CONCAT","LibKCUI.galaxy","2316","283","text 类型不能用 + 拼接，请用 string 拼接后再用 StringToText() 转换（text + text）","01-CoreRuntime.txt"
"CoreRuntime","SEM_INVALID_TEXT_CONCAT","LibKCUI.galaxy","2316","348","text 类型不能用 + 拼接，请用 string 拼接后再用 StringToText() 转换（text + text）","01-CoreRuntime.txt"
"CoreRuntime","SEM_INVALID_TEXT_CONCAT","LibKCUI.galaxy","2319","128","text 类型不能用 + 拼接，请用 string 拼接后再用 StringToText() 转换（text + text）","01-CoreRuntime.txt"
"CoreRuntime","SEM_INVALID_TEXT_CONCAT","LibKCUI.galaxy","2319","189","text 类型不能用 + 拼接，请用 string 拼接后再用 StringToText() 转换（text + text）","01-CoreRuntime.txt"
"CoreRuntime","SEM_INVALID_TEXT_CONCAT","LibKCUI.galaxy","2319","205","text 类型不能用 + 拼接，请用 string 拼接后再用 StringToText() 转换（text + text）","01-CoreRuntime.txt"
"CoreRuntime","SEM_INVALID_TEXT_CONCAT","LibKCUI.galaxy","2319","222","text 类型不能用 + 拼接，请用 string 拼接后再用 StringToText() 转换（text + text）","01-CoreRuntime.txt"
"CoreRuntime","SEM_INVALID_TEXT_CONCAT","LibKCUI.galaxy","2319","283","text 类型不能用 + 拼接，请用 string 拼接后再用 StringToText() 转换（text + text）","01-CoreRuntime.txt"
"CoreRuntime","SEM_INVALID_TEXT_CONCAT","LibKCUI.galaxy","2322","125","text 类型不能用 + 拼接，请用 string 拼接后再用 StringToText() 转换（text + text）","01-CoreRuntime.txt"
"CoreRuntime","SEM_INVALID_TEXT_CONCAT","LibKCUI.galaxy","2322","183","text 类型不能用 + 拼接，请用 string 拼接后再用 StringToText() 转换（text + text）","01-CoreRuntime.txt"
"CoreRuntime","SEM_INVALID_TEXT_CONCAT","LibKCUI.galaxy","2322","199","text 类型不能用 + 拼接，请用 string 拼接后再用 StringToText() 转换（text + text）","01-CoreRuntime.txt"
"CoreRuntime","SEM_INVALID_TEXT_CONCAT","LibKCUI.galaxy","2322","216","text 类型不能用 + 拼接，请用 string 拼接后再用 StringToText() 转换（text + text）","01-CoreRuntime.txt"
"CoreRuntime","SEM_INVALID_TEXT_CONCAT","LibKCUI.galaxy","2322","274","text 类型不能用 + 拼接，请用 string 拼接后再用 StringToText() 转换（text + text）","01-CoreRuntime.txt"
"CoreRuntime","SEM_INVALID_TEXT_CONCAT","LibKCUI.galaxy","2322","336","text 类型不能用 + 拼接，请用 string 拼接后再用 StringToText() 转换（text + text）","01-CoreRuntime.txt"
"CoreRuntime","SEM_INVALID_TEXT_CONCAT","LibKCUI.galaxy","2325","125","text 类型不能用 + 拼接，请用 string 拼接后再用 StringToText() 转换（text + text）","01-CoreRuntime.txt"
"CoreRuntime","SEM_INVALID_TEXT_CONCAT","LibKCUI.galaxy","2325","183","text 类型不能用 + 拼接，请用 string 拼接后再用 StringToText() 转换（text + text）","01-CoreRuntime.txt"
"CoreRuntime","SEM_INVALID_TEXT_CONCAT","LibKCUI.galaxy","2325","199","text 类型不能用 + 拼接，请用 string 拼接后再用 StringToText() 转换（text + text）","01-CoreRuntime.txt"
"CoreRuntime","SEM_INVALID_TEXT_CONCAT","LibKCUI.galaxy","2325","216","text 类型不能用 + 拼接，请用 string 拼接后再用 StringToText() 转换（text + text）","01-CoreRuntime.txt"
"CoreRuntime","SEM_INVALID_TEXT_CONCAT","LibKCUI.galaxy","2325","274","text 类型不能用 + 拼接，请用 string 拼接后再用 StringToText() 转换（text + text）","01-CoreRuntime.txt"
"CoreRuntime","SYNTAX_NO_LOCAL_INIT_ASSIGN","LibKMIS.galaxy","248","5","Galaxy 局部变量不能用 = 初始化，必须先声明再赋值","01-CoreRuntime.txt"
"CoreRuntime","SYNTAX_NO_LOCAL_INIT_ASSIGN","LibKMIS.galaxy","256","5","Galaxy 局部变量不能用 = 初始化，必须先声明再赋值","01-CoreRuntime.txt"
"CoreRuntime","SYNTAX_NO_LOCAL_INIT_ASSIGN","LibKMIS.galaxy","257","5","Galaxy 局部变量不能用 = 初始化，必须先声明再赋值","01-CoreRuntime.txt"
"CoreRuntime","SYNTAX_NO_LOCAL_INIT_ASSIGN","LibKMIS.galaxy","344","5","Galaxy 局部变量不能用 = 初始化，必须先声明再赋值","01-CoreRuntime.txt"
"CoreRuntime","SYNTAX_NO_LOCAL_INIT_ASSIGN","LibKMIS.galaxy","345","5","Galaxy 局部变量不能用 = 初始化，必须先声明再赋值","01-CoreRuntime.txt"
"CoreRuntime","SYNTAX_NO_LOCAL_INIT_ASSIGN","LibKMIS.galaxy","346","5","Galaxy 局部变量不能用 = 初始化，必须先声明再赋值","01-CoreRuntime.txt"
"CoreRuntime","SYNTAX_NO_LOCAL_INIT_ASSIGN","LibKMIS.galaxy","347","5","Galaxy 局部变量不能用 = 初始化，必须先声明再赋值","01-CoreRuntime.txt"
"CoreRuntime","SYNTAX_NO_LOCAL_INIT_ASSIGN","LibKMIS.galaxy","517","5","Galaxy 局部变量不能用 = 初始化，必须先声明再赋值","01-CoreRuntime.txt"
"CoreRuntime","SYNTAX_NO_LOCAL_INIT_ASSIGN","LibKMIS.galaxy","585","5","Galaxy 局部变量不能用 = 初始化，必须先声明再赋值","01-CoreRuntime.txt"
"CoreRuntime","SYNTAX_NO_LOCAL_INIT_ASSIGN","LibKMIS.galaxy","684","5","Galaxy 局部变量不能用 = 初始化，必须先声明再赋值","01-CoreRuntime.txt"
"CoreRuntime","SYNTAX_NO_LOCAL_INIT_ASSIGN","LibKMIS.galaxy","685","5","Galaxy 局部变量不能用 = 初始化，必须先声明再赋值","01-CoreRuntime.txt"
"CoreRuntime","SYNTAX_NO_LOCAL_INIT_ASSIGN","LibKMIS.galaxy","686","5","Galaxy 局部变量不能用 = 初始化，必须先声明再赋值","01-CoreRuntime.txt"
"CoreRuntime","SYNTAX_NO_LOCAL_INIT_ASSIGN","LibKMIS.galaxy","687","5","Galaxy 局部变量不能用 = 初始化，必须先声明再赋值","01-CoreRuntime.txt"
"CoreRuntime","SYNTAX_NO_LOCAL_INIT_ASSIGN","LibKMIS.galaxy","688","5","Galaxy 局部变量不能用 = 初始化，必须先声明再赋值","01-CoreRuntime.txt"
"CoreRuntime","SYNTAX_NO_LOCAL_INIT_ASSIGN","LibKMIS.galaxy","689","5","Galaxy 局部变量不能用 = 初始化，必须先声明再赋值","01-CoreRuntime.txt"
"CoreRuntime","SYNTAX_NO_LOCAL_INIT_ASSIGN","LibKMIS.galaxy","814","5","Galaxy 局部变量不能用 = 初始化，必须先声明再赋值","01-CoreRuntime.txt"
"CoreRuntime","SYNTAX_NO_LOCAL_INIT_ASSIGN","LibKMIS.galaxy","815","5","Galaxy 局部变量不能用 = 初始化，必须先声明再赋值","01-CoreRuntime.txt"
"CoreRuntime","SYNTAX_NO_LOCAL_INIT_ASSIGN","LibKMIS.galaxy","1148","5","Galaxy 局部变量不能用 = 初始化，必须先声明再赋值","01-CoreRuntime.txt"
"CoreRuntime","SYNTAX_NO_LOCAL_INIT_ASSIGN","LibKMIS.galaxy","1149","5","Galaxy 局部变量不能用 = 初始化，必须先声明再赋值","01-CoreRuntime.txt"
"CoreRuntime","SYNTAX_NO_LOCAL_INIT_ASSIGN","LibKMIS.galaxy","1287","5","Galaxy 局部变量不能用 = 初始化，必须先声明再赋值","01-CoreRuntime.txt"
"CoreRuntime","SYNTAX_NO_LOCAL_INIT_ASSIGN","LibKMIS.galaxy","1288","5","Galaxy 局部变量不能用 = 初始化，必须先声明再赋值","01-CoreRuntime.txt"
"CoreRuntime","SYNTAX_NO_LOCAL_INIT_ASSIGN","LibKMIS.galaxy","1479","5","Galaxy 局部变量不能用 = 初始化，必须先声明再赋值","01-CoreRuntime.txt"
"CoreRuntime","SYNTAX_NO_LOCAL_INIT_ASSIGN","LibKMIS.galaxy","1679","5","Galaxy 局部变量不能用 = 初始化，必须先声明再赋值","01-CoreRuntime.txt"
"CoreRuntime","SYNTAX_NO_LOCAL_INIT_ASSIGN","LibKMIS.galaxy","1680","5","Galaxy 局部变量不能用 = 初始化，必须先声明再赋值","01-CoreRuntime.txt"
"CoreRuntime","SYNTAX_NO_LOCAL_INIT_ASSIGN","LibKMIS.galaxy","1681","5","Galaxy 局部变量不能用 = 初始化，必须先声明再赋值","01-CoreRuntime.txt"
"CoreRuntime","SYNTAX_NO_LOCAL_INIT_ASSIGN","LibKMIS.galaxy","2296","5","Galaxy 局部变量不能用 = 初始化，必须先声明再赋值","01-CoreRuntime.txt"
"CoreRuntime","SYNTAX_NO_LOCAL_INIT_ASSIGN","LibKMIS.galaxy","2447","5","Galaxy 局部变量不能用 = 初始化，必须先声明再赋值","01-CoreRuntime.txt"
"CoreRuntime","SYNTAX_NO_LOCAL_INIT_ASSIGN","LibKMIS.galaxy","2548","5","Galaxy 局部变量不能用 = 初始化，必须先声明再赋值","01-CoreRuntime.txt"
"CoreRuntime","SYNTAX_NO_LOCAL_INIT_ASSIGN","LibKMIS.galaxy","2553","5","Galaxy 局部变量不能用 = 初始化，必须先声明再赋值","01-CoreRuntime.txt"
"CoreRuntime","SYNTAX_NO_LOCAL_INIT_ASSIGN","LibKMIS.galaxy","2560","5","Galaxy 局部变量不能用 = 初始化，必须先声明再赋值","01-CoreRuntime.txt"
"CoreRuntime","SYNTAX_NO_LOCAL_INIT_ASSIGN","LibKMIS.galaxy","2562","5","Galaxy 局部变量不能用 = 初始化，必须先声明再赋值","01-CoreRuntime.txt"
"CoreRuntime","SYNTAX_NO_LOCAL_INIT_ASSIGN","LibKMIS.galaxy","2564","5","Galaxy 局部变量不能用 = 初始化，必须先声明再赋值","01-CoreRuntime.txt"
"CoreRuntime","SYNTAX_NO_LOCAL_INIT_ASSIGN","LibKMIS.galaxy","2750","5","Galaxy 局部变量不能用 = 初始化，必须先声明再赋值","01-CoreRuntime.txt"
"CoreRuntime","SYNTAX_NO_LOCAL_INIT_ASSIGN","LibKMIS.galaxy","2754","5","Galaxy 局部变量不能用 = 初始化，必须先声明再赋值","01-CoreRuntime.txt"
"CoreRuntime","SYNTAX_NO_LOCAL_INIT_ASSIGN","LibKMIS.galaxy","2843","5","Galaxy 局部变量不能用 = 初始化，必须先声明再赋值","01-CoreRuntime.txt"
"CoreRuntime","SYNTAX_NO_LOCAL_INIT_ASSIGN","LibKMIS.galaxy","2845","5","Galaxy 局部变量不能用 = 初始化，必须先声明再赋值","01-CoreRuntime.txt"
"CoreRuntime","SYNTAX_NO_LOCAL_INIT_ASSIGN","LibKMIS.galaxy","2888","5","Galaxy 局部变量不能用 = 初始化，必须先声明再赋值","01-CoreRuntime.txt"
"CoreRuntime","SYNTAX_NO_LOCAL_INIT_ASSIGN","LibKMIS.galaxy","2889","5","Galaxy 局部变量不能用 = 初始化，必须先声明再赋值","01-CoreRuntime.txt"
"CoreRuntime","SYNTAX_NO_LOCAL_INIT_ASSIGN","LibKMIS.galaxy","2891","5","Galaxy 局部变量不能用 = 初始化，必须先声明再赋值","01-CoreRuntime.txt"
"CoreRuntime","SYNTAX_NO_LOCAL_INIT_ASSIGN","LibKMIS.galaxy","3036","5","Galaxy 局部变量不能用 = 初始化，必须先声明再赋值","01-CoreRuntime.txt"
"CoreRuntime","SYNTAX_NO_LOCAL_INIT_ASSIGN","LibKMIS.galaxy","3037","5","Galaxy 局部变量不能用 = 初始化，必须先声明再赋值","01-CoreRuntime.txt"
"CoreRuntime","SYNTAX_NO_LOCAL_INIT_ASSIGN","LibKMIS.galaxy","3038","5","Galaxy 局部变量不能用 = 初始化，必须先声明再赋值","01-CoreRuntime.txt"
"CoreRuntime","SYNTAX_NO_LOCAL_INIT_ASSIGN","LibKMIS.galaxy","3243","5","Galaxy 局部变量不能用 = 初始化，必须先声明再赋值","01-CoreRuntime.txt"
"CoreRuntime","SYNTAX_NO_LOCAL_INIT_ASSIGN","LibKMIS.galaxy","3244","5","Galaxy 局部变量不能用 = 初始化，必须先声明再赋值","01-CoreRuntime.txt"
"CoreRuntime","SYNTAX_NO_LOCAL_INIT_ASSIGN","LibKMIS.galaxy","3277","5","Galaxy 局部变量不能用 = 初始化，必须先声明再赋值","01-CoreRuntime.txt"
"CoreRuntime","SYNTAX_NO_LOCAL_INIT_ASSIGN","LibKMIS.galaxy","3356","5","Galaxy 局部变量不能用 = 初始化，必须先声明再赋值","01-CoreRuntime.txt"
"CoreRuntime","SYNTAX_NO_LOCAL_INIT_ASSIGN","LibKMIS.galaxy","3450","5","Galaxy 局部变量不能用 = 初始化，必须先声明再赋值","01-CoreRuntime.txt"
"CoreRuntime","SYNTAX_NO_CONTINUE","LibKMIS.galaxy","3791","13","Galaxy 不支持 continue 语句，请用 if 块包裹","01-CoreRuntime.txt"
"CoreRuntime","SYNTAX_NO_CONTINUE","LibKMIS.galaxy","3794","13","Galaxy 不支持 continue 语句，请用 if 块包裹","01-CoreRuntime.txt"
"CoreRuntime","SYNTAX_NO_LOCAL_INIT_ASSIGN","LibKMIS.galaxy","3957","5","Galaxy 局部变量不能用 = 初始化，必须先声明再赋值","01-CoreRuntime.txt"
"CoreRuntime","SYNTAX_NO_LOCAL_INIT_ASSIGN","LibKMIS.galaxy","4202","5","Galaxy 局部变量不能用 = 初始化，必须先声明再赋值","01-CoreRuntime.txt"
"CoreRuntime","SYNTAX_NO_LOCAL_INIT_ASSIGN","LibKMIS.galaxy","4484","5","Galaxy 局部变量不能用 = 初始化，必须先声明再赋值","01-CoreRuntime.txt"
"CoreRuntime","SYNTAX_NO_LOCAL_INIT_ASSIGN","LibKMIS.galaxy","4514","5","Galaxy 局部变量不能用 = 初始化，必须先声明再赋值","01-CoreRuntime.txt"
"CoreRuntime","SYNTAX_NO_LOCAL_INIT_ASSIGN","LibKMIS.galaxy","4769","5","Galaxy 局部变量不能用 = 初始化，必须先声明再赋值","01-CoreRuntime.txt"
"CoreRuntime","SYNTAX_NO_LOCAL_INIT_ASSIGN","LibKMIS.galaxy","4805","5","Galaxy 局部变量不能用 = 初始化，必须先声明再赋值","01-CoreRuntime.txt"
"CoreRuntime","SYNTAX_NO_LOCAL_INIT_ASSIGN","LibKMIS.galaxy","4844","5","Galaxy 局部变量不能用 = 初始化，必须先声明再赋值","01-CoreRuntime.txt"
"CoreRuntime","SYNTAX_NO_LOCAL_INIT_ASSIGN","LibKMIS.galaxy","4884","5","Galaxy 局部变量不能用 = 初始化，必须先声明再赋值","01-CoreRuntime.txt"
"CoreRuntime","SYNTAX_NO_LOCAL_INIT_ASSIGN","LibKMIS.galaxy","4919","5","Galaxy 局部变量不能用 = 初始化，必须先声明再赋值","01-CoreRuntime.txt"
"CoreRuntime","SYNTAX_NO_LOCAL_INIT_ASSIGN","LibKMIS.galaxy","5308","5","Galaxy 局部变量不能用 = 初始化，必须先声明再赋值","01-CoreRuntime.txt"
"CoreRuntime","SYNTAX_NO_LOCAL_INIT_ASSIGN","LibKMIS.galaxy","5309","5","Galaxy 局部变量不能用 = 初始化，必须先声明再赋值","01-CoreRuntime.txt"
"CoreRuntime","SYNTAX_NO_LOCAL_INIT_ASSIGN","LibKMIS.galaxy","5376","5","Galaxy 局部变量不能用 = 初始化，必须先声明再赋值","01-CoreRuntime.txt"
"CoreRuntime","SYNTAX_NO_LOCAL_INIT_ASSIGN","LibKMIS.galaxy","5377","5","Galaxy 局部变量不能用 = 初始化，必须先声明再赋值","01-CoreRuntime.txt"
"CoreRuntime","SYNTAX_NO_LOCAL_INIT_ASSIGN","LibKMIS.galaxy","5519","5","Galaxy 局部变量不能用 = 初始化，必须先声明再赋值","01-CoreRuntime.txt"
"CoreRuntime","SYNTAX_NO_LOCAL_INIT_ASSIGN","LibKMIS.galaxy","5520","5","Galaxy 局部变量不能用 = 初始化，必须先声明再赋值","01-CoreRuntime.txt"
"CoreRuntime","SYNTAX_NO_LOCAL_INIT_ASSIGN","LibKMIS.galaxy","5521","5","Galaxy 局部变量不能用 = 初始化，必须先声明再赋值","01-CoreRuntime.txt"
"CoreRuntime","SYNTAX_NO_LOCAL_INIT_ASSIGN","LibKMIS.galaxy","6097","5","Galaxy 局部变量不能用 = 初始化，必须先声明再赋值","01-CoreRuntime.txt"
"CoreRuntime","SYNTAX_NO_LOCAL_INIT_ASSIGN","LibKMIS.galaxy","6098","5","Galaxy 局部变量不能用 = 初始化，必须先声明再赋值","01-CoreRuntime.txt"
"CoreRuntime","SYNTAX_NO_LOCAL_INIT_ASSIGN","LibKMIS.galaxy","6843","5","Galaxy 局部变量不能用 = 初始化，必须先声明再赋值","01-CoreRuntime.txt"
"CoreRuntime","SYNTAX_NO_LOCAL_INIT_ASSIGN","LibKMIS.galaxy","6844","5","Galaxy 局部变量不能用 = 初始化，必须先声明再赋值","01-CoreRuntime.txt"
"CoreRuntime","SYNTAX_NO_LOCAL_INIT_ASSIGN","LibKMIS.galaxy","7707","5","Galaxy 局部变量不能用 = 初始化，必须先声明再赋值","01-CoreRuntime.txt"
"CoreRuntime","SYNTAX_NO_LOCAL_INIT_ASSIGN","LibKMIS.galaxy","7768","5","Galaxy 局部变量不能用 = 初始化，必须先声明再赋值","01-CoreRuntime.txt"
"CoreRuntime","SYNTAX_NO_LOCAL_INIT_ASSIGN","LibKMIS.galaxy","7829","5","Galaxy 局部变量不能用 = 初始化，必须先声明再赋值","01-CoreRuntime.txt"
"CoreRuntime","SYNTAX_NO_LOCAL_INIT_ASSIGN","LibKMIS.galaxy","7914","5","Galaxy 局部变量不能用 = 初始化，必须先声明再赋值","01-CoreRuntime.txt"
"CoreRuntime","SYNTAX_NO_LOCAL_INIT_ASSIGN","LibKMIS.galaxy","7915","5","Galaxy 局部变量不能用 = 初始化，必须先声明再赋值","01-CoreRuntime.txt"
"CoreRuntime","SYNTAX_NO_LOCAL_INIT_ASSIGN","LibKMIS.galaxy","8161","5","Galaxy 局部变量不能用 = 初始化，必须先声明再赋值","01-CoreRuntime.txt"
"CoreRuntime","SYNTAX_NO_CONTINUE","LibKMIS.galaxy","8388","13","Galaxy 不支持 continue 语句，请用 if 块包裹","01-CoreRuntime.txt"
"CoreRuntime","SYNTAX_NO_LOCAL_INIT_ASSIGN","LibKMIS.galaxy","8730","5","Galaxy 局部变量不能用 = 初始化，必须先声明再赋值","01-CoreRuntime.txt"
"CoreRuntime","SEM_UNDECLARED_FUNCTION","LibKMIS.galaxy","363","13","未声明的函数 'SoundPlay()'","01-CoreRuntime.txt"
"CoreRuntime","SEM_UNDECLARED_FUNCTION","LibKMIS.galaxy","366","13","未声明的函数 'SoundPlay()'","01-CoreRuntime.txt"
"CoreRuntime","SEM_UNDECLARED_FUNCTION","LibKMIS.galaxy","369","13","未声明的函数 'SoundPlay()'","01-CoreRuntime.txt"
"CoreRuntime","SEM_UNDECLARED_FUNCTION","LibKMIS.galaxy","418","13","未声明的函数 'SoundPlayAtPoint()'","01-CoreRuntime.txt"
"CoreRuntime","XLIB_DISALLOWED_NATIVE","LibKMIS.galaxy","3154","13","调用了不允许的 native 函数 'UnitCreate()' (不应直接调用，请用 libNtve_gf_CreateUnitsAtPoint2 包装)","01-CoreRuntime.txt"
"CoreRuntime","XLIB_DISALLOWED_NATIVE","LibKMIS.galaxy","3162","13","调用了不允许的 native 函数 'UnitCreate()' (不应直接调用，请用 libNtve_gf_CreateUnitsAtPoint2 包装)","01-CoreRuntime.txt"
"CoreRuntime","XLIB_DISALLOWED_NATIVE","LibKMIS.galaxy","3192","9","调用了不允许的 native 函数 'UnitCreate()' (不应直接调用，请用 libNtve_gf_CreateUnitsAtPoint2 包装)","01-CoreRuntime.txt"
"CoreRuntime","XLIB_DISALLOWED_NATIVE","LibKMIS.galaxy","3195","9","调用了不允许的 native 函数 'UnitCreate()' (不应直接调用，请用 libNtve_gf_CreateUnitsAtPoint2 包装)","01-CoreRuntime.txt"
"CoreRuntime","XLIB_DISALLOWED_NATIVE","LibKMIS.galaxy","3198","9","调用了不允许的 native 函数 'UnitCreate()' (不应直接调用，请用 libNtve_gf_CreateUnitsAtPoint2 包装)","01-CoreRuntime.txt"
"CoreRuntime","XLIB_DISALLOWED_NATIVE","LibKMIS.galaxy","3201","9","调用了不允许的 native 函数 'UnitCreate()' (不应直接调用，请用 libNtve_gf_CreateUnitsAtPoint2 包装)","01-CoreRuntime.txt"
"CoreRuntime","XLIB_DISALLOWED_NATIVE","LibKMIS.galaxy","3208","9","调用了不允许的 native 函数 'UnitCreate()' (不应直接调用，请用 libNtve_gf_CreateUnitsAtPoint2 包装)","01-CoreRuntime.txt"
"CoreRuntime","XLIB_DISALLOWED_NATIVE","LibKMIS.galaxy","4298","5","调用了不允许的 native 函数 'UnitCreate()' (不应直接调用，请用 libNtve_gf_CreateUnitsAtPoint2 包装)","01-CoreRuntime.txt"
"CoreRuntime","XLIB_DISALLOWED_NATIVE","LibKMIS.galaxy","4319","9","调用了不允许的 native 函数 'UnitCreate()' (不应直接调用，请用 libNtve_gf_CreateUnitsAtPoint2 包装)","01-CoreRuntime.txt"
"CoreRuntime","XLIB_DISALLOWED_NATIVE","LibKMIS.galaxy","4323","13","调用了不允许的 native 函数 'UnitCreate()' (不应直接调用，请用 libNtve_gf_CreateUnitsAtPoint2 包装)","01-CoreRuntime.txt"
"CoreRuntime","SEM_UNDECLARED_FUNCTION","LibKMIS.galaxy","4785","5","未声明的函数 'SoundPlay()'","01-CoreRuntime.txt"
"CoreRuntime","SEM_UNDECLARED_FUNCTION","LibKMIS.galaxy","5418","9","未声明的函数 'SoundPlayAtPoint()'","01-CoreRuntime.txt"
"CoreRuntime","XLIB_DISALLOWED_NATIVE","LibKMIS.galaxy","5541","5","调用了不允许的 native 函数 'UnitCreate()' (不应直接调用，请用 libNtve_gf_CreateUnitsAtPoint2 包装)","01-CoreRuntime.txt"
"CoreRuntime","SEM_UNDECLARED_FUNCTION","LibKMIS.galaxy","5918","9","未声明的函数 'SoundPlay()'","01-CoreRuntime.txt"
"CoreRuntime","SEM_UNDECLARED_FUNCTION","LibKMIS.galaxy","5921","9","未声明的函数 'SoundPlay()'","01-CoreRuntime.txt"
"CoreRuntime","SEM_UNDECLARED_FUNCTION","LibKMIS.galaxy","6432","5","未声明的函数 'SoundPlay()'","01-CoreRuntime.txt"
"CoreRuntime","XLIB_DISALLOWED_NATIVE","LibKMIS.galaxy","6963","5","调用了不允许的 native 函数 'UnitCreate()' (不应直接调用，请用 libNtve_gf_CreateUnitsAtPoint2 包装)","01-CoreRuntime.txt"
"CoreRuntime","SEM_UNDECLARED_FUNCTION","LibKMIS.galaxy","8914","9","未声明的函数 'SoundPlay()'","01-CoreRuntime.txt"
"CoreRuntime","SYNTAX_NO_CONTINUE","LibKPVP.galaxy","854","13","Galaxy 不支持 continue 语句，请用 if 块包裹","01-CoreRuntime.txt"
"CoreRuntime","SYNTAX_NO_CONTINUE","LibKPVP.galaxy","1440","13","Galaxy 不支持 continue 语句，请用 if 块包裹","01-CoreRuntime.txt"
"CoopZeroPop","SYNTAX_NO_LOCAL_INIT_ASSIGN","Lib67C0F0E7.galaxy","569","5","Galaxy 局部变量不能用 = 初始化，必须先声明再赋值","02-CoopZeroPop.txt"
"CoopZeroPop","SYNTAX_NO_LOCAL_INIT_ASSIGN","Lib67C0F0E7.galaxy","570","5","Galaxy 局部变量不能用 = 初始化，必须先声明再赋值","02-CoopZeroPop.txt"
"CoopZeroPop","SYNTAX_NO_LOCAL_INIT_ASSIGN","Lib67C0F0E7.galaxy","599","5","Galaxy 局部变量不能用 = 初始化，必须先声明再赋值","02-CoopZeroPop.txt"
"CoopZeroPop","SYNTAX_NO_LOCAL_INIT_ASSIGN","Lib67C0F0E7.galaxy","600","5","Galaxy 局部变量不能用 = 初始化，必须先声明再赋值","02-CoopZeroPop.txt"
"CoopZeroPop","SYNTAX_NO_LOCAL_INIT_ASSIGN","Lib67C0F0E7.galaxy","601","5","Galaxy 局部变量不能用 = 初始化，必须先声明再赋值","02-CoopZeroPop.txt"
"CoopZeroPop","SYNTAX_NO_LOCAL_INIT_ASSIGN","Lib67C0F0E7.galaxy","635","5","Galaxy 局部变量不能用 = 初始化，必须先声明再赋值","02-CoopZeroPop.txt"
"CoopZeroPop","SYNTAX_NO_LOCAL_INIT_ASSIGN","Lib67C0F0E7.galaxy","636","5","Galaxy 局部变量不能用 = 初始化，必须先声明再赋值","02-CoopZeroPop.txt"
"CoopZeroPop","SYNTAX_NO_LOCAL_INIT_ASSIGN","Lib67C0F0E7.galaxy","637","5","Galaxy 局部变量不能用 = 初始化，必须先声明再赋值","02-CoopZeroPop.txt"
"CoopZeroPop","SYNTAX_NO_LOCAL_INIT_ASSIGN","Lib67C0F0E7.galaxy","638","5","Galaxy 局部变量不能用 = 初始化，必须先声明再赋值","02-CoopZeroPop.txt"
"CoopZeroPop","SYNTAX_NO_LOCAL_INIT_ASSIGN","Lib67C0F0E7.galaxy","677","5","Galaxy 局部变量不能用 = 初始化，必须先声明再赋值","02-CoopZeroPop.txt"
"CoopZeroPop","SYNTAX_NO_LOCAL_INIT_ASSIGN","Lib67C0F0E7.galaxy","678","5","Galaxy 局部变量不能用 = 初始化，必须先声明再赋值","02-CoopZeroPop.txt"
"CoopZeroPop","SYNTAX_NO_LOCAL_INIT_ASSIGN","Lib67C0F0E7.galaxy","679","5","Galaxy 局部变量不能用 = 初始化，必须先声明再赋值","02-CoopZeroPop.txt"
"CoopZeroPop","SYNTAX_NO_LOCAL_INIT_ASSIGN","Lib67C0F0E7.galaxy","680","5","Galaxy 局部变量不能用 = 初始化，必须先声明再赋值","02-CoopZeroPop.txt"
"CoopZeroPop","SYNTAX_NO_LOCAL_INIT_ASSIGN","Lib67C0F0E7.galaxy","681","5","Galaxy 局部变量不能用 = 初始化，必须先声明再赋值","02-CoopZeroPop.txt"
"CoopZeroPop","SYNTAX_NO_LOCAL_INIT_ASSIGN","Lib67C0F0E7.galaxy","766","5","Galaxy 局部变量不能用 = 初始化，必须先声明再赋值","02-CoopZeroPop.txt"
"CoopZeroPop","SYNTAX_NO_LOCAL_INIT_ASSIGN","Lib67C0F0E7.galaxy","767","5","Galaxy 局部变量不能用 = 初始化，必须先声明再赋值","02-CoopZeroPop.txt"
"CoopZeroPop","SYNTAX_NO_LOCAL_INIT_ASSIGN","Lib67C0F0E7.galaxy","768","5","Galaxy 局部变量不能用 = 初始化，必须先声明再赋值","02-CoopZeroPop.txt"
"CoopZeroPop","SYNTAX_NO_LOCAL_INIT_ASSIGN","Lib67C0F0E7.galaxy","839","5","Galaxy 局部变量不能用 = 初始化，必须先声明再赋值","02-CoopZeroPop.txt"
"CoopZeroPop","SYNTAX_NO_LOCAL_INIT_ASSIGN","Lib67C0F0E7.galaxy","1073","5","Galaxy 局部变量不能用 = 初始化，必须先声明再赋值","02-CoopZeroPop.txt"
"CoopZeroPop","SYNTAX_NO_LOCAL_INIT_ASSIGN","Lib67C0F0E7.galaxy","1074","5","Galaxy 局部变量不能用 = 初始化，必须先声明再赋值","02-CoopZeroPop.txt"
"CoopZeroPop","SYNTAX_NO_LOCAL_INIT_ASSIGN","Lib67C0F0E7.galaxy","1075","5","Galaxy 局部变量不能用 = 初始化，必须先声明再赋值","02-CoopZeroPop.txt"
"CoopZeroPop","SYNTAX_NO_LOCAL_INIT_ASSIGN","Lib67C0F0E7.galaxy","1117","5","Galaxy 局部变量不能用 = 初始化，必须先声明再赋值","02-CoopZeroPop.txt"
"CoopZeroPop","SYNTAX_NO_LOCAL_INIT_ASSIGN","Lib67C0F0E7.galaxy","1143","5","Galaxy 局部变量不能用 = 初始化，必须先声明再赋值","02-CoopZeroPop.txt"
"CoopZeroPop","SYNTAX_NO_LOCAL_INIT_ASSIGN","Lib67C0F0E7.galaxy","1171","5","Galaxy 局部变量不能用 = 初始化，必须先声明再赋值","02-CoopZeroPop.txt"
"CoopZeroPop","SYNTAX_NO_LOCAL_INIT_ASSIGN","Lib67C0F0E7.galaxy","1172","5","Galaxy 局部变量不能用 = 初始化，必须先声明再赋值","02-CoopZeroPop.txt"
"CoopZeroPop","SYNTAX_NO_LOCAL_INIT_ASSIGN","Lib67C0F0E7.galaxy","1258","5","Galaxy 局部变量不能用 = 初始化，必须先声明再赋值","02-CoopZeroPop.txt"
"CoopZeroPop","SYNTAX_NO_LOCAL_INIT_ASSIGN","Lib67C0F0E7.galaxy","1259","5","Galaxy 局部变量不能用 = 初始化，必须先声明再赋值","02-CoopZeroPop.txt"
"CoopZeroPop","SYNTAX_NO_LOCAL_INIT_ASSIGN","Lib67C0F0E7.galaxy","1260","5","Galaxy 局部变量不能用 = 初始化，必须先声明再赋值","02-CoopZeroPop.txt"
"CoopZeroPop","SYNTAX_NO_LOCAL_INIT_ASSIGN","Lib67C0F0E7.galaxy","1298","5","Galaxy 局部变量不能用 = 初始化，必须先声明再赋值","02-CoopZeroPop.txt"
"CoopZeroPop","SYNTAX_NO_LOCAL_INIT_ASSIGN","Lib67C0F0E7.galaxy","1299","5","Galaxy 局部变量不能用 = 初始化，必须先声明再赋值","02-CoopZeroPop.txt"
"CoopZeroPop","SYNTAX_NO_LOCAL_INIT_ASSIGN","Lib67C0F0E7.galaxy","1300","5","Galaxy 局部变量不能用 = 初始化，必须先声明再赋值","02-CoopZeroPop.txt"
"CoopZeroPop","SYNTAX_NO_LOCAL_INIT_ASSIGN","Lib67C0F0E7.galaxy","1301","5","Galaxy 局部变量不能用 = 初始化，必须先声明再赋值","02-CoopZeroPop.txt"
"CoopZeroPop","SYNTAX_NO_LOCAL_INIT_ASSIGN","Lib67C0F0E7.galaxy","1341","5","Galaxy 局部变量不能用 = 初始化，必须先声明再赋值","02-CoopZeroPop.txt"
"CoopZeroPop","SYNTAX_NO_LOCAL_INIT_ASSIGN","Lib67C0F0E7.galaxy","1342","5","Galaxy 局部变量不能用 = 初始化，必须先声明再赋值","02-CoopZeroPop.txt"
"CoopZeroPop","SYNTAX_NO_LOCAL_INIT_ASSIGN","Lib67C0F0E7.galaxy","1343","5","Galaxy 局部变量不能用 = 初始化，必须先声明再赋值","02-CoopZeroPop.txt"
"CoopZeroPop","SYNTAX_NO_LOCAL_INIT_ASSIGN","Lib67C0F0E7.galaxy","1344","5","Galaxy 局部变量不能用 = 初始化，必须先声明再赋值","02-CoopZeroPop.txt"
"CoopZeroPop","SYNTAX_NO_LOCAL_INIT_ASSIGN","Lib67C0F0E7.galaxy","1627","5","Galaxy 局部变量不能用 = 初始化，必须先声明再赋值","02-CoopZeroPop.txt"
"CoopZeroPop","SYNTAX_NO_LOCAL_INIT_ASSIGN","Lib67C0F0E7.galaxy","2054","5","Galaxy 局部变量不能用 = 初始化，必须先声明再赋值","02-CoopZeroPop.txt"
"CoopZeroPop","SYNTAX_NO_LOCAL_INIT_ASSIGN","Lib67C0F0E7.galaxy","2055","5","Galaxy 局部变量不能用 = 初始化，必须先声明再赋值","02-CoopZeroPop.txt"
"CoopZeroPop","SYNTAX_NO_LOCAL_INIT_ASSIGN","Lib67C0F0E7.galaxy","2219","5","Galaxy 局部变量不能用 = 初始化，必须先声明再赋值","02-CoopZeroPop.txt"
"CoopZeroPop","SYNTAX_NO_LOCAL_INIT_ASSIGN","Lib67C0F0E7.galaxy","2220","5","Galaxy 局部变量不能用 = 初始化，必须先声明再赋值","02-CoopZeroPop.txt"
"CoopZeroPop","SYNTAX_NO_LOCAL_INIT_ASSIGN","Lib67C0F0E7.galaxy","2274","5","Galaxy 局部变量不能用 = 初始化，必须先声明再赋值","02-CoopZeroPop.txt"
"CoopZeroPop","SYNTAX_NO_LOCAL_INIT_ASSIGN","Lib67C0F0E7.galaxy","2275","5","Galaxy 局部变量不能用 = 初始化，必须先声明再赋值","02-CoopZeroPop.txt"
"CoopZeroPop","SYNTAX_NO_LOCAL_INIT_ASSIGN","Lib67C0F0E7.galaxy","2310","5","Galaxy 局部变量不能用 = 初始化，必须先声明再赋值","02-CoopZeroPop.txt"
"CoopZeroPop","SYNTAX_NO_LOCAL_INIT_ASSIGN","Lib67C0F0E7.galaxy","2311","5","Galaxy 局部变量不能用 = 初始化，必须先声明再赋值","02-CoopZeroPop.txt"
"CoopZeroPop","SYNTAX_NO_LOCAL_INIT_ASSIGN","Lib67C0F0E7.galaxy","2360","5","Galaxy 局部变量不能用 = 初始化，必须先声明再赋值","02-CoopZeroPop.txt"
"CoopZeroPop","SYNTAX_NO_LOCAL_INIT_ASSIGN","Lib67C0F0E7.galaxy","2361","5","Galaxy 局部变量不能用 = 初始化，必须先声明再赋值","02-CoopZeroPop.txt"
"CoopZeroPop","SYNTAX_NO_LOCAL_INIT_ASSIGN","Lib67C0F0E7.galaxy","2395","5","Galaxy 局部变量不能用 = 初始化，必须先声明再赋值","02-CoopZeroPop.txt"
"CoopZeroPop","SYNTAX_NO_LOCAL_INIT_ASSIGN","Lib67C0F0E7.galaxy","2396","5","Galaxy 局部变量不能用 = 初始化，必须先声明再赋值","02-CoopZeroPop.txt"
"CoopZeroPop","SYNTAX_NO_LOCAL_INIT_ASSIGN","Lib67C0F0E7.galaxy","2437","5","Galaxy 局部变量不能用 = 初始化，必须先声明再赋值","02-CoopZeroPop.txt"
"CoopZeroPop","SYNTAX_NO_LOCAL_INIT_ASSIGN","Lib67C0F0E7.galaxy","2438","5","Galaxy 局部变量不能用 = 初始化，必须先声明再赋值","02-CoopZeroPop.txt"
"CoopZeroPop","SYNTAX_NO_LOCAL_INIT_ASSIGN","Lib67C0F0E7.galaxy","2472","5","Galaxy 局部变量不能用 = 初始化，必须先声明再赋值","02-CoopZeroPop.txt"
"CoopZeroPop","SYNTAX_NO_LOCAL_INIT_ASSIGN","Lib67C0F0E7.galaxy","2473","5","Galaxy 局部变量不能用 = 初始化，必须先声明再赋值","02-CoopZeroPop.txt"
"CoopZeroPop","SYNTAX_NO_LOCAL_INIT_ASSIGN","Lib67C0F0E7.galaxy","2506","5","Galaxy 局部变量不能用 = 初始化，必须先声明再赋值","02-CoopZeroPop.txt"
"CoopZeroPop","SYNTAX_NO_LOCAL_INIT_ASSIGN","Lib67C0F0E7.galaxy","2507","5","Galaxy 局部变量不能用 = 初始化，必须先声明再赋值","02-CoopZeroPop.txt"
"CoopZeroPop","SYNTAX_NO_LOCAL_INIT_ASSIGN","Lib67C0F0E7.galaxy","2540","5","Galaxy 局部变量不能用 = 初始化，必须先声明再赋值","02-CoopZeroPop.txt"
"CoopZeroPop","SYNTAX_NO_LOCAL_INIT_ASSIGN","Lib67C0F0E7.galaxy","2541","5","Galaxy 局部变量不能用 = 初始化，必须先声明再赋值","02-CoopZeroPop.txt"
"CoopZeroPop","SYNTAX_NO_LOCAL_INIT_ASSIGN","Lib67C0F0E7.galaxy","2574","5","Galaxy 局部变量不能用 = 初始化，必须先声明再赋值","02-CoopZeroPop.txt"
"CoopZeroPop","SYNTAX_NO_LOCAL_INIT_ASSIGN","Lib67C0F0E7.galaxy","2575","5","Galaxy 局部变量不能用 = 初始化，必须先声明再赋值","02-CoopZeroPop.txt"
"CoopZeroPop","SYNTAX_NO_LOCAL_INIT_ASSIGN","Lib67C0F0E7.galaxy","2609","5","Galaxy 局部变量不能用 = 初始化，必须先声明再赋值","02-CoopZeroPop.txt"
"CoopZeroPop","SYNTAX_NO_LOCAL_INIT_ASSIGN","Lib67C0F0E7.galaxy","2610","5","Galaxy 局部变量不能用 = 初始化，必须先声明再赋值","02-CoopZeroPop.txt"
"CoopZeroPop","SYNTAX_NO_LOCAL_INIT_ASSIGN","Lib67C0F0E7.galaxy","2642","5","Galaxy 局部变量不能用 = 初始化，必须先声明再赋值","02-CoopZeroPop.txt"
"CoopZeroPop","SYNTAX_NO_LOCAL_INIT_ASSIGN","Lib67C0F0E7.galaxy","2643","5","Galaxy 局部变量不能用 = 初始化，必须先声明再赋值","02-CoopZeroPop.txt"
"CoopZeroPop","SYNTAX_NO_LOCAL_INIT_ASSIGN","Lib67C0F0E7.galaxy","2702","5","Galaxy 局部变量不能用 = 初始化，必须先声明再赋值","02-CoopZeroPop.txt"
"CoopZeroPop","SYNTAX_NO_LOCAL_INIT_ASSIGN","Lib67C0F0E7.galaxy","2703","5","Galaxy 局部变量不能用 = 初始化，必须先声明再赋值","02-CoopZeroPop.txt"
"CoopZeroPop","SYNTAX_NO_LOCAL_INIT_ASSIGN","Lib67C0F0E7.galaxy","2781","5","Galaxy 局部变量不能用 = 初始化，必须先声明再赋值","02-CoopZeroPop.txt"
"CoopZeroPop","SYNTAX_NO_LOCAL_INIT_ASSIGN","Lib67C0F0E7.galaxy","2782","5","Galaxy 局部变量不能用 = 初始化，必须先声明再赋值","02-CoopZeroPop.txt"
"CoopZeroPop","SYNTAX_NO_LOCAL_INIT_ASSIGN","Lib67C0F0E7.galaxy","2783","5","Galaxy 局部变量不能用 = 初始化，必须先声明再赋值","02-CoopZeroPop.txt"
"CoopZeroPop","SYNTAX_NO_LOCAL_INIT_ASSIGN","Lib67C0F0E7.galaxy","2784","5","Galaxy 局部变量不能用 = 初始化，必须先声明再赋值","02-CoopZeroPop.txt"
"CoopZeroPop","SYNTAX_NO_LOCAL_INIT_ASSIGN","Lib67C0F0E7.galaxy","2785","5","Galaxy 局部变量不能用 = 初始化，必须先声明再赋值","02-CoopZeroPop.txt"
"CoopZeroPop","SYNTAX_NO_LOCAL_INIT_ASSIGN","Lib67C0F0E7.galaxy","2786","5","Galaxy 局部变量不能用 = 初始化，必须先声明再赋值","02-CoopZeroPop.txt"
"CoopZeroPop","SYNTAX_NO_LOCAL_INIT_ASSIGN","Lib67C0F0E7.galaxy","2826","5","Galaxy 局部变量不能用 = 初始化，必须先声明再赋值","02-CoopZeroPop.txt"
"CoopZeroPop","SYNTAX_NO_LOCAL_INIT_ASSIGN","Lib67C0F0E7.galaxy","2827","5","Galaxy 局部变量不能用 = 初始化，必须先声明再赋值","02-CoopZeroPop.txt"
"CoopZeroPop","SYNTAX_NO_LOCAL_INIT_ASSIGN","Lib67C0F0E7.galaxy","2931","5","Galaxy 局部变量不能用 = 初始化，必须先声明再赋值","02-CoopZeroPop.txt"
"CoopZeroPop","SYNTAX_NO_LOCAL_INIT_ASSIGN","Lib67C0F0E7.galaxy","3012","5","Galaxy 局部变量不能用 = 初始化，必须先声明再赋值","02-CoopZeroPop.txt"
"CoopZeroPop","SYNTAX_NO_LOCAL_INIT_ASSIGN","Lib67C0F0E7.galaxy","3158","5","Galaxy 局部变量不能用 = 初始化，必须先声明再赋值","02-CoopZeroPop.txt"
"CoopZeroPop","SYNTAX_NO_LOCAL_INIT_ASSIGN","Lib67C0F0E7.galaxy","3159","5","Galaxy 局部变量不能用 = 初始化，必须先声明再赋值","02-CoopZeroPop.txt"
"CoopZeroPop","SYNTAX_NO_LOCAL_INIT_ASSIGN","Lib67C0F0E7.galaxy","3160","5","Galaxy 局部变量不能用 = 初始化，必须先声明再赋值","02-CoopZeroPop.txt"
"CoopZeroPop","SYNTAX_NO_LOCAL_INIT_ASSIGN","Lib67C0F0E7.galaxy","3161","5","Galaxy 局部变量不能用 = 初始化，必须先声明再赋值","02-CoopZeroPop.txt"
"CoopZeroPop","SYNTAX_NO_LOCAL_INIT_ASSIGN","Lib67C0F0E7.galaxy","4069","5","Galaxy 局部变量不能用 = 初始化，必须先声明再赋值","02-CoopZeroPop.txt"
"CoopZeroPop","SYNTAX_NO_LOCAL_INIT_ASSIGN","Lib67C0F0E7.galaxy","4070","5","Galaxy 局部变量不能用 = 初始化，必须先声明再赋值","02-CoopZeroPop.txt"
"CoopZeroPop","SYNTAX_NO_LOCAL_INIT_ASSIGN","Lib67C0F0E7.galaxy","4132","5","Galaxy 局部变量不能用 = 初始化，必须先声明再赋值","02-CoopZeroPop.txt"
"CoopZeroPop","SYNTAX_NO_LOCAL_INIT_ASSIGN","Lib67C0F0E7.galaxy","4133","5","Galaxy 局部变量不能用 = 初始化，必须先声明再赋值","02-CoopZeroPop.txt"
"CoopZeroPop","SEM_UNDECLARED_FUNCTION","Lib67C0F0E7.galaxy","705","5","未声明的函数 'SoundPlay()'","02-CoopZeroPop.txt"
"CoopZeroPop","SYNTAX_NO_LOCAL_INIT_ASSIGN","LibBE3BBD9F.galaxy","72","5","Galaxy 局部变量不能用 = 初始化，必须先声明再赋值","02-CoopZeroPop.txt"
"CoopZeroPop","SYNTAX_NO_LOCAL_INIT_ASSIGN","LibE0EAE146.galaxy","136","5","Galaxy 局部变量不能用 = 初始化，必须先声明再赋值","02-CoopZeroPop.txt"
"CoopZeroPop","SYNTAX_NO_LOCAL_INIT_ASSIGN","LibE0EAE146.galaxy","137","5","Galaxy 局部变量不能用 = 初始化，必须先声明再赋值","02-CoopZeroPop.txt"
"CoopZeroPop","SYNTAX_NO_CONTINUE","LibE0EAE146.galaxy","363","13","Galaxy 不支持 continue 语句，请用 if 块包裹","02-CoopZeroPop.txt"
"CoopZeroPop","SYNTAX_NO_CONTINUE","LibE0EAE146.galaxy","372","17","Galaxy 不支持 continue 语句，请用 if 块包裹","02-CoopZeroPop.txt"
"CoopZeroPop","SYNTAX_NO_CONTINUE","LibE0EAE146.galaxy","375","17","Galaxy 不支持 continue 语句，请用 if 块包裹","02-CoopZeroPop.txt"
"CoopZeroPop","SYNTAX_NO_CONTINUE","LibE0EAE146.galaxy","378","17","Galaxy 不支持 continue 语句，请用 if 块包裹","02-CoopZeroPop.txt"
"CoopZeroPop","SYNTAX_NO_CONTINUE","LibE0EAE146.galaxy","643","13","Galaxy 不支持 continue 语句，请用 if 块包裹","02-CoopZeroPop.txt"
"CoopZeroPop","SYNTAX_NO_CONTINUE","LibE0EAE146.galaxy","689","13","Galaxy 不支持 continue 语句，请用 if 块包裹","02-CoopZeroPop.txt"
"CoopZeroPop","SYNTAX_NO_CONTINUE","LibE0EAE146.galaxy","737","13","Galaxy 不支持 continue 语句，请用 if 块包裹","02-CoopZeroPop.txt"
"CoopZeroPop","SYNTAX_NO_CONTINUE","LibE0EAE146.galaxy","744","17","Galaxy 不支持 continue 语句，请用 if 块包裹","02-CoopZeroPop.txt"
"CoopZeroPop","SYNTAX_NO_CONTINUE","LibE0EAE146.galaxy","751","21","Galaxy 不支持 continue 语句，请用 if 块包裹","02-CoopZeroPop.txt"
"CoopZeroPop","SYNTAX_NO_CONTINUE","LibE0EAE146.galaxy","754","21","Galaxy 不支持 continue 语句，请用 if 块包裹","02-CoopZeroPop.txt"
"CoopZeroPop","SYNTAX_NO_CONTINUE","LibE0EAE146.galaxy","943","13","Galaxy 不支持 continue 语句，请用 if 块包裹","02-CoopZeroPop.txt"
"CoopZeroPop","XLIB_UNDEFINED_CROSS_REF","LibE0EAE146.galaxy","123","5","跨库引用未定义 'libE0EAE146_tychus_InitVariables()'","02-CoopZeroPop.txt"
"CoopZeroPop","XLIB_UNDEFINED_CROSS_REF","LibE0EAE146.galaxy","124","5","跨库引用未定义 'libE0EAE146_fenix_InitVariables()'","02-CoopZeroPop.txt"
"CoopZeroPop","XLIB_UNDEFINED_CROSS_REF","LibE0EAE146.galaxy","125","5","跨库引用未定义 'libE0EAE146_mengsk_InitVariables()'","02-CoopZeroPop.txt"
"CoopZeroPop","XLIB_DISALLOWED_NATIVE","LibE0EAE146.galaxy","884","5","调用了不允许的 native 函数 'UnitCreate()' (不应直接调用，请用 libNtve_gf_CreateUnitsAtPoint2 包装)","02-CoopZeroPop.txt"
"CoopZeroPop","XLIB_DISALLOWED_NATIVE","LibE0EAE146.galaxy","1216","5","调用了不允许的 native 函数 'UnitCreate()' (不应直接调用，请用 libNtve_gf_CreateUnitsAtPoint2 包装)","02-CoopZeroPop.txt"
"CoopZeroPop","XLIB_DISALLOWED_NATIVE","LibE0EAE146.galaxy","1223","5","调用了不允许的 native 函数 'UnitCreate()' (不应直接调用，请用 libNtve_gf_CreateUnitsAtPoint2 包装)","02-CoopZeroPop.txt"
"CoopZeroPop","XLIB_UNDEFINED_CROSS_REF","LibE0EAE146.galaxy","2227","5","跨库引用未定义 'libE0EAE146_tychus_InitTriggers()'","02-CoopZeroPop.txt"
"CoopZeroPop","XLIB_UNDEFINED_CROSS_REF","LibE0EAE146.galaxy","2228","5","跨库引用未定义 'libE0EAE146_fenix_InitTriggers()'","02-CoopZeroPop.txt"
"CoopZeroPop","XLIB_UNDEFINED_CROSS_REF","LibE0EAE146.galaxy","2229","5","跨库引用未定义 'libE0EAE146_mengsk_InitTriggers()'","02-CoopZeroPop.txt"
"CoopZeroPop","XLIB_DISALLOWED_NATIVE","LibE0EAE146_HeroRevive.galaxy","533","5","调用了不允许的 native 函数 'UnitCreate()' (不应直接调用，请用 libNtve_gf_CreateUnitsAtPoint2 包装)","02-CoopZeroPop.txt"
"CoopZeroPop","XLIB_DISALLOWED_NATIVE","LibE0EAE146_HeroStructures.galaxy","159","5","调用了不允许的 native 函数 'UnitCreate()' (不应直接调用，请用 libNtve_gf_CreateUnitsAtPoint2 包装)","02-CoopZeroPop.txt"
"CoopZeroPop","XLIB_DISALLOWED_NATIVE","LibE0EAE146_HeroStructures.galaxy","165","5","调用了不允许的 native 函数 'UnitCreate()' (不应直接调用，请用 libNtve_gf_CreateUnitsAtPoint2 包装)","02-CoopZeroPop.txt"
"CoopZeroPop","XLIB_UNDEFINED_CROSS_REF","LibE0EAE146_IzshaRuntime.galaxy","14","9","跨库引用未定义 'libE0EAE146_gf_ZagaraAllowUnitIfPresent()'","02-CoopZeroPop.txt"
"CoopZeroPop","SYNTAX_NO_LOCAL_INIT_ASSIGN","LibE0EAE146_TalentCatalog.galaxy","13","5","Galaxy 局部变量不能用 = 初始化，必须先声明再赋值","02-CoopZeroPop.txt"
"CoopZeroPop","SYNTAX_NO_LOCAL_INIT_ASSIGN","LibE0EAE146_TalentCatalog.galaxy","14","5","Galaxy 局部变量不能用 = 初始化，必须先声明再赋值","02-CoopZeroPop.txt"
"CoopZeroPop","SYNTAX_NO_LOCAL_INIT_ASSIGN","LibE0EAE146_TalentCatalog.galaxy","27","5","Galaxy 局部变量不能用 = 初始化，必须先声明再赋值","02-CoopZeroPop.txt"
"CoopZeroPop","SYNTAX_NO_LOCAL_INIT_ASSIGN","LibE0EAE146_TalentCatalog.galaxy","28","5","Galaxy 局部变量不能用 = 初始化，必须先声明再赋值","02-CoopZeroPop.txt"
"CoopZeroPop","SYNTAX_NO_LOCAL_INIT_ASSIGN","LibE0EAE146_TalentCatalog.galaxy","39","5","Galaxy 局部变量不能用 = 初始化，必须先声明再赋值","02-CoopZeroPop.txt"
"CoopZeroPop","SYNTAX_NO_LOCAL_INIT_ASSIGN","LibE0EAE146_TalentCatalog.galaxy","108","5","Galaxy 局部变量不能用 = 初始化，必须先声明再赋值","02-CoopZeroPop.txt"
"CoopZeroPop","SYNTAX_NO_LOCAL_INIT_ASSIGN","LibE0EAE146_TalentCatalog.galaxy","176","5","Galaxy 局部变量不能用 = 初始化，必须先声明再赋值","02-CoopZeroPop.txt"
"CoopZeroPop","SYNTAX_NO_LOCAL_INIT_ASSIGN","LibE0EAE146_TalentCatalog.galaxy","241","5","Galaxy 局部变量不能用 = 初始化，必须先声明再赋值","02-CoopZeroPop.txt"
"CoopZeroPop","SYNTAX_NO_LOCAL_INIT_ASSIGN","LibE0EAE146_TalentCatalog.galaxy","303","5","Galaxy 局部变量不能用 = 初始化，必须先声明再赋值","02-CoopZeroPop.txt"
"CoopZeroPop","SYNTAX_NO_LOCAL_INIT_ASSIGN","LibE0EAE146_TalentCatalog.galaxy","367","5","Galaxy 局部变量不能用 = 初始化，必须先声明再赋值","02-CoopZeroPop.txt"
"CoopZeroPop","SYNTAX_NO_LOCAL_INIT_ASSIGN","LibE0EAE146_TalentCatalog.galaxy","435","5","Galaxy 局部变量不能用 = 初始化，必须先声明再赋值","02-CoopZeroPop.txt"
"CoopZeroPop","SYNTAX_NO_LOCAL_INIT_ASSIGN","LibE0EAE146_TalentCatalog.galaxy","500","5","Galaxy 局部变量不能用 = 初始化，必须先声明再赋值","02-CoopZeroPop.txt"
"CoopZeroPop","SYNTAX_NO_LOCAL_INIT_ASSIGN","LibE0EAE146_TalentCatalog.galaxy","570","5","Galaxy 局部变量不能用 = 初始化，必须先声明再赋值","02-CoopZeroPop.txt"
"CoopZeroPop","SYNTAX_NO_LOCAL_INIT_ASSIGN","LibE0EAE146_TalentCatalog.galaxy","633","5","Galaxy 局部变量不能用 = 初始化，必须先声明再赋值","02-CoopZeroPop.txt"
"CoopZeroPop","SYNTAX_NO_LOCAL_INIT_ASSIGN","LibE0EAE146_TalentCatalog.galaxy","696","5","Galaxy 局部变量不能用 = 初始化，必须先声明再赋值","02-CoopZeroPop.txt"
"CoopZeroPop","SYNTAX_NO_LOCAL_INIT_ASSIGN","LibE0EAE146_TalentCatalog.galaxy","771","5","Galaxy 局部变量不能用 = 初始化，必须先声明再赋值","02-CoopZeroPop.txt"
"CoopZeroPop","SYNTAX_NO_LOCAL_INIT_ASSIGN","LibE0EAE146_TalentCatalog.galaxy","833","5","Galaxy 局部变量不能用 = 初始化，必须先声明再赋值","02-CoopZeroPop.txt"
"CoopZeroPop","SYNTAX_NO_LOCAL_INIT_ASSIGN","LibE0EAE146_TalentCatalog.galaxy","900","5","Galaxy 局部变量不能用 = 初始化，必须先声明再赋值","02-CoopZeroPop.txt"
"CoopZeroPop","SYNTAX_NO_LOCAL_INIT_ASSIGN","LibE0EAE146_TalentCatalog.galaxy","970","5","Galaxy 局部变量不能用 = 初始化，必须先声明再赋值","02-CoopZeroPop.txt"
"CoopZeroPop","SYNTAX_NO_LOCAL_INIT_ASSIGN","LibE0EAE146_TalentCatalog.galaxy","1037","5","Galaxy 局部变量不能用 = 初始化，必须先声明再赋值","02-CoopZeroPop.txt"
"CoopZeroPop","SYNTAX_NO_LOCAL_INIT_ASSIGN","LibE0EAE146_TalentCatalog.galaxy","1102","5","Galaxy 局部变量不能用 = 初始化，必须先声明再赋值","02-CoopZeroPop.txt"
"CoopZeroPop","SYNTAX_NO_LOCAL_INIT_ASSIGN","LibE0EAE146_TalentCatalog.galaxy","1167","5","Galaxy 局部变量不能用 = 初始化，必须先声明再赋值","02-CoopZeroPop.txt"
"CoopZeroPop","SYNTAX_NO_LOCAL_INIT_ASSIGN","LibKCOR.galaxy","197","5","Galaxy 局部变量不能用 = 初始化，必须先声明再赋值","02-CoopZeroPop.txt"
"CoopZeroPop","SYNTAX_NO_LOCAL_INIT_ASSIGN","LibKCOR.galaxy","457","5","Galaxy 局部变量不能用 = 初始化，必须先声明再赋值","02-CoopZeroPop.txt"
"CoopZeroPop","SYNTAX_NO_LOCAL_INIT_ASSIGN","LibKCOR.galaxy","459","5","Galaxy 局部变量不能用 = 初始化，必须先声明再赋值","02-CoopZeroPop.txt"
"CoopZeroPop","SYNTAX_NO_LOCAL_INIT_ASSIGN","LibKCOR.galaxy","461","5","Galaxy 局部变量不能用 = 初始化，必须先声明再赋值","02-CoopZeroPop.txt"
"CoopZeroPop","SYNTAX_NO_LOCAL_INIT_ASSIGN","LibKCOR.galaxy","463","5","Galaxy 局部变量不能用 = 初始化，必须先声明再赋值","02-CoopZeroPop.txt"
"CoopZeroPop","SYNTAX_NO_LOCAL_INIT_ASSIGN","LibKCOR.galaxy","466","5","Galaxy 局部变量不能用 = 初始化，必须先声明再赋值","02-CoopZeroPop.txt"
"CoopZeroPop","SYNTAX_NO_LOCAL_INIT_ASSIGN","LibKCOR.galaxy","468","5","Galaxy 局部变量不能用 = 初始化，必须先声明再赋值","02-CoopZeroPop.txt"
"CoopZeroPop","SYNTAX_NO_LOCAL_INIT_ASSIGN","LibKCOR.galaxy","470","5","Galaxy 局部变量不能用 = 初始化，必须先声明再赋值","02-CoopZeroPop.txt"
"CoopZeroPop","SYNTAX_NO_LOCAL_INIT_ASSIGN","LibKCOR.galaxy","472","5","Galaxy 局部变量不能用 = 初始化，必须先声明再赋值","02-CoopZeroPop.txt"
"CoopZeroPop","SYNTAX_NO_LOCAL_INIT_ASSIGN","LibKCOR.galaxy","475","5","Galaxy 局部变量不能用 = 初始化，必须先声明再赋值","02-CoopZeroPop.txt"
"CoopZeroPop","SYNTAX_NO_LOCAL_INIT_ASSIGN","LibKCOR.galaxy","697","5","Galaxy 局部变量不能用 = 初始化，必须先声明再赋值","02-CoopZeroPop.txt"
"CoopZeroPop","SYNTAX_NO_LOCAL_INIT_ASSIGN","LibKCOR.galaxy","717","5","Galaxy 局部变量不能用 = 初始化，必须先声明再赋值","02-CoopZeroPop.txt"
"CoopZeroPop","SYNTAX_NO_LOCAL_INIT_ASSIGN","LibKCOR.galaxy","718","5","Galaxy 局部变量不能用 = 初始化，必须先声明再赋值","02-CoopZeroPop.txt"
"CoopZeroPop","SYNTAX_NO_LOCAL_INIT_ASSIGN","LibKCOR.galaxy","990","5","Galaxy 局部变量不能用 = 初始化，必须先声明再赋值","02-CoopZeroPop.txt"
"CoopZeroPop","SYNTAX_NO_LOCAL_INIT_ASSIGN","LibKCOR.galaxy","1337","5","Galaxy 局部变量不能用 = 初始化，必须先声明再赋值","02-CoopZeroPop.txt"
"CoopZeroPop","SYNTAX_NO_LOCAL_INIT_ASSIGN","LibKCOR.galaxy","1339","5","Galaxy 局部变量不能用 = 初始化，必须先声明再赋值","02-CoopZeroPop.txt"
"CoopZeroPop","SYNTAX_NO_CONTINUE","LibKCOR.galaxy","1769","13","Galaxy 不支持 continue 语句，请用 if 块包裹","02-CoopZeroPop.txt"
"CoopZeroPop","SYNTAX_NO_LOCAL_INIT_ASSIGN","LibKCOR.galaxy","2587","5","Galaxy 局部变量不能用 = 初始化，必须先声明再赋值","02-CoopZeroPop.txt"
"CoopZeroPop","SYNTAX_NO_LOCAL_INIT_ASSIGN","LibKCOR.galaxy","2589","5","Galaxy 局部变量不能用 = 初始化，必须先声明再赋值","02-CoopZeroPop.txt"
"CoopZeroPop","SYNTAX_NO_LOCAL_INIT_ASSIGN","LibKCOR.galaxy","2591","5","Galaxy 局部变量不能用 = 初始化，必须先声明再赋值","02-CoopZeroPop.txt"
"CoopZeroPop","SYNTAX_NO_LOCAL_INIT_ASSIGN","LibKCOR.galaxy","2885","5","Galaxy 局部变量不能用 = 初始化，必须先声明再赋值","02-CoopZeroPop.txt"
"CoopZeroPop","SYNTAX_NO_LOCAL_INIT_ASSIGN","LibKCOR.galaxy","2887","5","Galaxy 局部变量不能用 = 初始化，必须先声明再赋值","02-CoopZeroPop.txt"
"CoopZeroPop","SYNTAX_NO_CONTINUE","LibKCOR.galaxy","2900","13","Galaxy 不支持 continue 语句，请用 if 块包裹","02-CoopZeroPop.txt"
"CoopZeroPop","SYNTAX_NO_LOCAL_INIT_ASSIGN","LibKCOR.galaxy","3480","5","Galaxy 局部变量不能用 = 初始化，必须先声明再赋值","02-CoopZeroPop.txt"
"CoopZeroPop","SYNTAX_NO_LOCAL_INIT_ASSIGN","LibKCOR.galaxy","3482","5","Galaxy 局部变量不能用 = 初始化，必须先声明再赋值","02-CoopZeroPop.txt"
"CoopZeroPop","SYNTAX_NO_LOCAL_INIT_ASSIGN","LibKCOR.galaxy","3809","5","Galaxy 局部变量不能用 = 初始化，必须先声明再赋值","02-CoopZeroPop.txt"
"CoopZeroPop","SYNTAX_NO_LOCAL_INIT_ASSIGN","LibKCOR.galaxy","3810","5","Galaxy 局部变量不能用 = 初始化，必须先声明再赋值","02-CoopZeroPop.txt"
"CoopZeroPop","SYNTAX_NO_LOCAL_INIT_ASSIGN","LibKCOR.galaxy","3811","5","Galaxy 局部变量不能用 = 初始化，必须先声明再赋值","02-CoopZeroPop.txt"
"CoopZeroPop","SYNTAX_NO_LOCAL_INIT_ASSIGN","LibKCOR.galaxy","3932","5","Galaxy 局部变量不能用 = 初始化，必须先声明再赋值","02-CoopZeroPop.txt"
"CoopZeroPop","SYNTAX_NO_LOCAL_INIT_ASSIGN","LibKCOR.galaxy","3933","5","Galaxy 局部变量不能用 = 初始化，必须先声明再赋值","02-CoopZeroPop.txt"
"CoopZeroPop","SYNTAX_NO_LOCAL_INIT_ASSIGN","LibKCOR.galaxy","4554","5","Galaxy 局部变量不能用 = 初始化，必须先声明再赋值","02-CoopZeroPop.txt"
"CoopZeroPop","SYNTAX_NO_LOCAL_INIT_ASSIGN","LibKCUI.galaxy","857","5","Galaxy 局部变量不能用 = 初始化，必须先声明再赋值","02-CoopZeroPop.txt"
"CoopZeroPop","SYNTAX_NO_LOCAL_INIT_ASSIGN","LibKCUI.galaxy","858","5","Galaxy 局部变量不能用 = 初始化，必须先声明再赋值","02-CoopZeroPop.txt"
"CoopZeroPop","SYNTAX_NO_LOCAL_INIT_ASSIGN","LibKCUI.galaxy","859","5","Galaxy 局部变量不能用 = 初始化，必须先声明再赋值","02-CoopZeroPop.txt"
"CoopZeroPop","SYNTAX_NO_LOCAL_INIT_ASSIGN","LibKCUI.galaxy","994","5","Galaxy 局部变量不能用 = 初始化，必须先声明再赋值","02-CoopZeroPop.txt"
"CoopZeroPop","SYNTAX_NO_LOCAL_INIT_ASSIGN","LibKCUI.galaxy","995","5","Galaxy 局部变量不能用 = 初始化，必须先声明再赋值","02-CoopZeroPop.txt"
"CoopZeroPop","SYNTAX_NO_LOCAL_INIT_ASSIGN","LibKCUI.galaxy","996","5","Galaxy 局部变量不能用 = 初始化，必须先声明再赋值","02-CoopZeroPop.txt"
"CoopZeroPop","SYNTAX_NO_LOCAL_INIT_ASSIGN","LibKCUI.galaxy","997","5","Galaxy 局部变量不能用 = 初始化，必须先声明再赋值","02-CoopZeroPop.txt"
"CoopZeroPop","SYNTAX_NO_LOCAL_INIT_ASSIGN","LibKCUI.galaxy","998","5","Galaxy 局部变量不能用 = 初始化，必须先声明再赋值","02-CoopZeroPop.txt"
"CoopZeroPop","SYNTAX_NO_LOCAL_INIT_ASSIGN","LibKCUI.galaxy","999","5","Galaxy 局部变量不能用 = 初始化，必须先声明再赋值","02-CoopZeroPop.txt"
"CoopZeroPop","SYNTAX_NO_LOCAL_INIT_ASSIGN","LibKCUI.galaxy","1000","5","Galaxy 局部变量不能用 = 初始化，必须先声明再赋值","02-CoopZeroPop.txt"
"CoopZeroPop","SYNTAX_NO_LOCAL_INIT_ASSIGN","LibKCUI.galaxy","1165","5","Galaxy 局部变量不能用 = 初始化，必须先声明再赋值","02-CoopZeroPop.txt"
"CoopZeroPop","SYNTAX_NO_LOCAL_INIT_ASSIGN","LibKCUI.galaxy","1166","5","Galaxy 局部变量不能用 = 初始化，必须先声明再赋值","02-CoopZeroPop.txt"
"CoopZeroPop","SYNTAX_NO_LOCAL_INIT_ASSIGN","LibKCUI.galaxy","1291","5","Galaxy 局部变量不能用 = 初始化，必须先声明再赋值","02-CoopZeroPop.txt"
"CoopZeroPop","SYNTAX_NO_LOCAL_INIT_ASSIGN","LibKCUI.galaxy","1292","5","Galaxy 局部变量不能用 = 初始化，必须先声明再赋值","02-CoopZeroPop.txt"
"CoopZeroPop","SYNTAX_NO_LOCAL_INIT_ASSIGN","LibKCUI.galaxy","1293","5","Galaxy 局部变量不能用 = 初始化，必须先声明再赋值","02-CoopZeroPop.txt"
"CoopZeroPop","SYNTAX_NO_LOCAL_INIT_ASSIGN","LibKCUI.galaxy","1294","5","Galaxy 局部变量不能用 = 初始化，必须先声明再赋值","02-CoopZeroPop.txt"
"CoopZeroPop","SYNTAX_NO_LOCAL_INIT_ASSIGN","LibKCUI.galaxy","1450","5","Galaxy 局部变量不能用 = 初始化，必须先声明再赋值","02-CoopZeroPop.txt"
"CoopZeroPop","SYNTAX_NO_LOCAL_INIT_ASSIGN","LibKCUI.galaxy","1451","5","Galaxy 局部变量不能用 = 初始化，必须先声明再赋值","02-CoopZeroPop.txt"
"CoopZeroPop","SYNTAX_NO_LOCAL_INIT_ASSIGN","LibKCUI.galaxy","1452","5","Galaxy 局部变量不能用 = 初始化，必须先声明再赋值","02-CoopZeroPop.txt"
"CoopZeroPop","SYNTAX_NO_LOCAL_INIT_ASSIGN","LibKCUI.galaxy","1723","5","Galaxy 局部变量不能用 = 初始化，必须先声明再赋值","02-CoopZeroPop.txt"
"CoopZeroPop","SYNTAX_NO_LOCAL_INIT_ASSIGN","LibKCUI.galaxy","1724","5","Galaxy 局部变量不能用 = 初始化，必须先声明再赋值","02-CoopZeroPop.txt"
"CoopZeroPop","SYNTAX_NO_LOCAL_INIT_ASSIGN","LibKCUI.galaxy","1832","5","Galaxy 局部变量不能用 = 初始化，必须先声明再赋值","02-CoopZeroPop.txt"
"CoopZeroPop","SYNTAX_NO_LOCAL_INIT_ASSIGN","LibKCUI.galaxy","1833","5","Galaxy 局部变量不能用 = 初始化，必须先声明再赋值","02-CoopZeroPop.txt"
"CoopZeroPop","SYNTAX_NO_LOCAL_INIT_ASSIGN","LibKCUI.galaxy","1869","5","Galaxy 局部变量不能用 = 初始化，必须先声明再赋值","02-CoopZeroPop.txt"
"CoopZeroPop","SYNTAX_NO_LOCAL_INIT_ASSIGN","LibKCUI.galaxy","1870","5","Galaxy 局部变量不能用 = 初始化，必须先声明再赋值","02-CoopZeroPop.txt"
"CoopZeroPop","SYNTAX_NO_LOCAL_INIT_ASSIGN","LibKCUI.galaxy","1933","5","Galaxy 局部变量不能用 = 初始化，必须先声明再赋值","02-CoopZeroPop.txt"
"CoopZeroPop","SYNTAX_NO_LOCAL_INIT_ASSIGN","LibKCUI.galaxy","1934","5","Galaxy 局部变量不能用 = 初始化，必须先声明再赋值","02-CoopZeroPop.txt"
"CoopZeroPop","SYNTAX_NO_LOCAL_INIT_ASSIGN","LibKCUI.galaxy","1968","5","Galaxy 局部变量不能用 = 初始化，必须先声明再赋值","02-CoopZeroPop.txt"
"CoopZeroPop","SYNTAX_NO_LOCAL_INIT_ASSIGN","LibKCUI.galaxy","1969","5","Galaxy 局部变量不能用 = 初始化，必须先声明再赋值","02-CoopZeroPop.txt"
"CoopZeroPop","SYNTAX_NO_LOCAL_INIT_ASSIGN","LibKCUI.galaxy","2003","5","Galaxy 局部变量不能用 = 初始化，必须先声明再赋值","02-CoopZeroPop.txt"
"CoopZeroPop","SYNTAX_NO_LOCAL_INIT_ASSIGN","LibKCUI.galaxy","2004","5","Galaxy 局部变量不能用 = 初始化，必须先声明再赋值","02-CoopZeroPop.txt"
"CoopZeroPop","SYNTAX_NO_LOCAL_INIT_ASSIGN","LibKCUI.galaxy","2038","5","Galaxy 局部变量不能用 = 初始化，必须先声明再赋值","02-CoopZeroPop.txt"
"CoopZeroPop","SYNTAX_NO_LOCAL_INIT_ASSIGN","LibKCUI.galaxy","2039","5","Galaxy 局部变量不能用 = 初始化，必须先声明再赋值","02-CoopZeroPop.txt"
"CoopZeroPop","SYNTAX_NO_LOCAL_INIT_ASSIGN","LibKCUI.galaxy","2072","5","Galaxy 局部变量不能用 = 初始化，必须先声明再赋值","02-CoopZeroPop.txt"
"CoopZeroPop","SYNTAX_NO_LOCAL_INIT_ASSIGN","LibKCUI.galaxy","2073","5","Galaxy 局部变量不能用 = 初始化，必须先声明再赋值","02-CoopZeroPop.txt"
"CoopZeroPop","SYNTAX_NO_LOCAL_INIT_ASSIGN","LibKCUI.galaxy","2106","5","Galaxy 局部变量不能用 = 初始化，必须先声明再赋值","02-CoopZeroPop.txt"
"CoopZeroPop","SYNTAX_NO_LOCAL_INIT_ASSIGN","LibKCUI.galaxy","2107","5","Galaxy 局部变量不能用 = 初始化，必须先声明再赋值","02-CoopZeroPop.txt"
"CoopZeroPop","SYNTAX_NO_LOCAL_INIT_ASSIGN","LibKCUI.galaxy","2140","5","Galaxy 局部变量不能用 = 初始化，必须先声明再赋值","02-CoopZeroPop.txt"
"CoopZeroPop","SYNTAX_NO_LOCAL_INIT_ASSIGN","LibKCUI.galaxy","2141","5","Galaxy 局部变量不能用 = 初始化，必须先声明再赋值","02-CoopZeroPop.txt"
"CoopZeroPop","SYNTAX_NO_LOCAL_INIT_ASSIGN","LibKCUI.galaxy","2175","5","Galaxy 局部变量不能用 = 初始化，必须先声明再赋值","02-CoopZeroPop.txt"
"CoopZeroPop","SYNTAX_NO_LOCAL_INIT_ASSIGN","LibKCUI.galaxy","2176","5","Galaxy 局部变量不能用 = 初始化，必须先声明再赋值","02-CoopZeroPop.txt"
"CoopZeroPop","SYNTAX_NO_LOCAL_INIT_ASSIGN","LibKCUI.galaxy","2202","5","Galaxy 局部变量不能用 = 初始化，必须先声明再赋值","02-CoopZeroPop.txt"
"CoopZeroPop","SYNTAX_NO_LOCAL_INIT_ASSIGN","LibKCUI.galaxy","2203","5","Galaxy 局部变量不能用 = 初始化，必须先声明再赋值","02-CoopZeroPop.txt"
"CoopZeroPop","SYNTAX_NO_LOCAL_INIT_ASSIGN","LibKCUI.galaxy","2244","5","Galaxy 局部变量不能用 = 初始化，必须先声明再赋值","02-CoopZeroPop.txt"
"CoopZeroPop","SYNTAX_NO_LOCAL_INIT_ASSIGN","LibKCUI.galaxy","2245","5","Galaxy 局部变量不能用 = 初始化，必须先声明再赋值","02-CoopZeroPop.txt"
"CoopZeroPop","SYNTAX_NO_LOCAL_INIT_ASSIGN","LibKCUI.galaxy","2279","5","Galaxy 局部变量不能用 = 初始化，必须先声明再赋值","02-CoopZeroPop.txt"
"CoopZeroPop","SYNTAX_NO_LOCAL_INIT_ASSIGN","LibKCUI.galaxy","2280","5","Galaxy 局部变量不能用 = 初始化，必须先声明再赋值","02-CoopZeroPop.txt"
"CoopZeroPop","SYNTAX_NO_LOCAL_INIT_ASSIGN","LibKCUI.galaxy","2340","5","Galaxy 局部变量不能用 = 初始化，必须先声明再赋值","02-CoopZeroPop.txt"
"CoopZeroPop","SYNTAX_NO_LOCAL_INIT_ASSIGN","LibKCUI.galaxy","2342","5","Galaxy 局部变量不能用 = 初始化，必须先声明再赋值","02-CoopZeroPop.txt"
"CoopZeroPop","SYNTAX_NO_LOCAL_INIT_ASSIGN","LibKCUI.galaxy","2541","5","Galaxy 局部变量不能用 = 初始化，必须先声明再赋值","02-CoopZeroPop.txt"
"CoopZeroPop","SYNTAX_NO_LOCAL_INIT_ASSIGN","LibKCUI.galaxy","2542","5","Galaxy 局部变量不能用 = 初始化，必须先声明再赋值","02-CoopZeroPop.txt"
"CoopZeroPop","SYNTAX_NO_LOCAL_INIT_ASSIGN","LibKCUI.galaxy","2543","5","Galaxy 局部变量不能用 = 初始化，必须先声明再赋值","02-CoopZeroPop.txt"
"CoopZeroPop","SYNTAX_NO_LOCAL_INIT_ASSIGN","LibKCUI.galaxy","2544","5","Galaxy 局部变量不能用 = 初始化，必须先声明再赋值","02-CoopZeroPop.txt"
"CoopZeroPop","SYNTAX_NO_LOCAL_INIT_ASSIGN","LibKCUI.galaxy","2770","5","Galaxy 局部变量不能用 = 初始化，必须先声明再赋值","02-CoopZeroPop.txt"
"CoopZeroPop","SYNTAX_NO_LOCAL_INIT_ASSIGN","LibKCUI.galaxy","2772","5","Galaxy 局部变量不能用 = 初始化，必须先声明再赋值","02-CoopZeroPop.txt"
"CoopZeroPop","SYNTAX_NO_LOCAL_INIT_ASSIGN","LibKCUI.galaxy","2773","5","Galaxy 局部变量不能用 = 初始化，必须先声明再赋值","02-CoopZeroPop.txt"
"CoopZeroPop","SYNTAX_NO_LOCAL_INIT_ASSIGN","LibKCUI.galaxy","2774","5","Galaxy 局部变量不能用 = 初始化，必须先声明再赋值","02-CoopZeroPop.txt"
"CoopZeroPop","SYNTAX_NO_LOCAL_INIT_ASSIGN","LibKCUI.galaxy","2901","5","Galaxy 局部变量不能用 = 初始化，必须先声明再赋值","02-CoopZeroPop.txt"
"CoopZeroPop","SYNTAX_NO_LOCAL_INIT_ASSIGN","LibKCUI.galaxy","2944","5","Galaxy 局部变量不能用 = 初始化，必须先声明再赋值","02-CoopZeroPop.txt"
"CoopZeroPop","SYNTAX_NO_LOCAL_INIT_ASSIGN","LibKCUI.galaxy","3013","5","Galaxy 局部变量不能用 = 初始化，必须先声明再赋值","02-CoopZeroPop.txt"
"CoopZeroPop","SYNTAX_NO_LOCAL_INIT_ASSIGN","LibKCUI.galaxy","3025","5","Galaxy 局部变量不能用 = 初始化，必须先声明再赋值","02-CoopZeroPop.txt"
"CoopZeroPop","SYNTAX_NO_LOCAL_INIT_ASSIGN","LibKCUI.galaxy","3027","5","Galaxy 局部变量不能用 = 初始化，必须先声明再赋值","02-CoopZeroPop.txt"
"CoopZeroPop","SYNTAX_NO_LOCAL_INIT_ASSIGN","LibKCUI.galaxy","3166","5","Galaxy 局部变量不能用 = 初始化，必须先声明再赋值","02-CoopZeroPop.txt"
"CoopZeroPop","SYNTAX_NO_LOCAL_INIT_ASSIGN","LibKCUI.galaxy","3191","5","Galaxy 局部变量不能用 = 初始化，必须先声明再赋值","02-CoopZeroPop.txt"
"CoopZeroPop","SYNTAX_NO_LOCAL_INIT_ASSIGN","LibKCUI.galaxy","3200","5","Galaxy 局部变量不能用 = 初始化，必须先声明再赋值","02-CoopZeroPop.txt"
"CoopZeroPop","SYNTAX_NO_LOCAL_INIT_ASSIGN","LibKCUI.galaxy","3201","5","Galaxy 局部变量不能用 = 初始化，必须先声明再赋值","02-CoopZeroPop.txt"
"CoopZeroPop","SYNTAX_NO_LOCAL_INIT_ASSIGN","LibKCUI.galaxy","3246","5","Galaxy 局部变量不能用 = 初始化，必须先声明再赋值","02-CoopZeroPop.txt"
"CoopZeroPop","SYNTAX_NO_LOCAL_INIT_ASSIGN","LibKCUI.galaxy","3874","5","Galaxy 局部变量不能用 = 初始化，必须先声明再赋值","02-CoopZeroPop.txt"
"CoopZeroPop","SYNTAX_NO_LOCAL_INIT_ASSIGN","LibKCUI.galaxy","3875","5","Galaxy 局部变量不能用 = 初始化，必须先声明再赋值","02-CoopZeroPop.txt"
"CoopZeroPop","SYNTAX_NO_LOCAL_INIT_ASSIGN","LibKCUI.galaxy","3936","5","Galaxy 局部变量不能用 = 初始化，必须先声明再赋值","02-CoopZeroPop.txt"
"CoopZeroPop","SYNTAX_NO_LOCAL_INIT_ASSIGN","LibKCUI.galaxy","3937","5","Galaxy 局部变量不能用 = 初始化，必须先声明再赋值","02-CoopZeroPop.txt"
"CoopZeroPop","SEM_INVALID_TEXT_CONCAT","LibKCUI.galaxy","2310","113","text 类型不能用 + 拼接，请用 string 拼接后再用 StringToText() 转换（text + text）","02-CoopZeroPop.txt"
"CoopZeroPop","SEM_INVALID_TEXT_CONCAT","LibKCUI.galaxy","2310","159","text 类型不能用 + 拼接，请用 string 拼接后再用 StringToText() 转换（text + text）","02-CoopZeroPop.txt"
"CoopZeroPop","SEM_INVALID_TEXT_CONCAT","LibKCUI.galaxy","2310","175","text 类型不能用 + 拼接，请用 string 拼接后再用 StringToText() 转换（text + text）","02-CoopZeroPop.txt"
"CoopZeroPop","SEM_INVALID_TEXT_CONCAT","LibKCUI.galaxy","2310","192","text 类型不能用 + 拼接，请用 string 拼接后再用 StringToText() 转换（text + text）","02-CoopZeroPop.txt"
"CoopZeroPop","SEM_INVALID_TEXT_CONCAT","LibKCUI.galaxy","2310","238","text 类型不能用 + 拼接，请用 string 拼接后再用 StringToText() 转换（text + text）","02-CoopZeroPop.txt"
"CoopZeroPop","SEM_INVALID_TEXT_CONCAT","LibKCUI.galaxy","2310","288","text 类型不能用 + 拼接，请用 string 拼接后再用 StringToText() 转换（text + text）","02-CoopZeroPop.txt"
"CoopZeroPop","SEM_INVALID_TEXT_CONCAT","LibKCUI.galaxy","2313","113","text 类型不能用 + 拼接，请用 string 拼接后再用 StringToText() 转换（text + text）","02-CoopZeroPop.txt"
"CoopZeroPop","SEM_INVALID_TEXT_CONCAT","LibKCUI.galaxy","2313","159","text 类型不能用 + 拼接，请用 string 拼接后再用 StringToText() 转换（text + text）","02-CoopZeroPop.txt"
"CoopZeroPop","SEM_INVALID_TEXT_CONCAT","LibKCUI.galaxy","2313","175","text 类型不能用 + 拼接，请用 string 拼接后再用 StringToText() 转换（text + text）","02-CoopZeroPop.txt"
"CoopZeroPop","SEM_INVALID_TEXT_CONCAT","LibKCUI.galaxy","2313","192","text 类型不能用 + 拼接，请用 string 拼接后再用 StringToText() 转换（text + text）","02-CoopZeroPop.txt"
"CoopZeroPop","SEM_INVALID_TEXT_CONCAT","LibKCUI.galaxy","2313","238","text 类型不能用 + 拼接，请用 string 拼接后再用 StringToText() 转换（text + text）","02-CoopZeroPop.txt"
"CoopZeroPop","SEM_INVALID_TEXT_CONCAT","LibKCUI.galaxy","2316","128","text 类型不能用 + 拼接，请用 string 拼接后再用 StringToText() 转换（text + text）","02-CoopZeroPop.txt"
"CoopZeroPop","SEM_INVALID_TEXT_CONCAT","LibKCUI.galaxy","2316","189","text 类型不能用 + 拼接，请用 string 拼接后再用 StringToText() 转换（text + text）","02-CoopZeroPop.txt"
"CoopZeroPop","SEM_INVALID_TEXT_CONCAT","LibKCUI.galaxy","2316","205","text 类型不能用 + 拼接，请用 string 拼接后再用 StringToText() 转换（text + text）","02-CoopZeroPop.txt"
"CoopZeroPop","SEM_INVALID_TEXT_CONCAT","LibKCUI.galaxy","2316","222","text 类型不能用 + 拼接，请用 string 拼接后再用 StringToText() 转换（text + text）","02-CoopZeroPop.txt"
"CoopZeroPop","SEM_INVALID_TEXT_CONCAT","LibKCUI.galaxy","2316","283","text 类型不能用 + 拼接，请用 string 拼接后再用 StringToText() 转换（text + text）","02-CoopZeroPop.txt"
"CoopZeroPop","SEM_INVALID_TEXT_CONCAT","LibKCUI.galaxy","2316","348","text 类型不能用 + 拼接，请用 string 拼接后再用 StringToText() 转换（text + text）","02-CoopZeroPop.txt"
"CoopZeroPop","SEM_INVALID_TEXT_CONCAT","LibKCUI.galaxy","2319","128","text 类型不能用 + 拼接，请用 string 拼接后再用 StringToText() 转换（text + text）","02-CoopZeroPop.txt"
"CoopZeroPop","SEM_INVALID_TEXT_CONCAT","LibKCUI.galaxy","2319","189","text 类型不能用 + 拼接，请用 string 拼接后再用 StringToText() 转换（text + text）","02-CoopZeroPop.txt"
"CoopZeroPop","SEM_INVALID_TEXT_CONCAT","LibKCUI.galaxy","2319","205","text 类型不能用 + 拼接，请用 string 拼接后再用 StringToText() 转换（text + text）","02-CoopZeroPop.txt"
"CoopZeroPop","SEM_INVALID_TEXT_CONCAT","LibKCUI.galaxy","2319","222","text 类型不能用 + 拼接，请用 string 拼接后再用 StringToText() 转换（text + text）","02-CoopZeroPop.txt"
"CoopZeroPop","SEM_INVALID_TEXT_CONCAT","LibKCUI.galaxy","2319","283","text 类型不能用 + 拼接，请用 string 拼接后再用 StringToText() 转换（text + text）","02-CoopZeroPop.txt"
"CoopZeroPop","SEM_INVALID_TEXT_CONCAT","LibKCUI.galaxy","2322","125","text 类型不能用 + 拼接，请用 string 拼接后再用 StringToText() 转换（text + text）","02-CoopZeroPop.txt"
"CoopZeroPop","SEM_INVALID_TEXT_CONCAT","LibKCUI.galaxy","2322","183","text 类型不能用 + 拼接，请用 string 拼接后再用 StringToText() 转换（text + text）","02-CoopZeroPop.txt"
"CoopZeroPop","SEM_INVALID_TEXT_CONCAT","LibKCUI.galaxy","2322","199","text 类型不能用 + 拼接，请用 string 拼接后再用 StringToText() 转换（text + text）","02-CoopZeroPop.txt"
"CoopZeroPop","SEM_INVALID_TEXT_CONCAT","LibKCUI.galaxy","2322","216","text 类型不能用 + 拼接，请用 string 拼接后再用 StringToText() 转换（text + text）","02-CoopZeroPop.txt"
"CoopZeroPop","SEM_INVALID_TEXT_CONCAT","LibKCUI.galaxy","2322","274","text 类型不能用 + 拼接，请用 string 拼接后再用 StringToText() 转换（text + text）","02-CoopZeroPop.txt"
"CoopZeroPop","SEM_INVALID_TEXT_CONCAT","LibKCUI.galaxy","2322","336","text 类型不能用 + 拼接，请用 string 拼接后再用 StringToText() 转换（text + text）","02-CoopZeroPop.txt"
"CoopZeroPop","SEM_INVALID_TEXT_CONCAT","LibKCUI.galaxy","2325","125","text 类型不能用 + 拼接，请用 string 拼接后再用 StringToText() 转换（text + text）","02-CoopZeroPop.txt"
"CoopZeroPop","SEM_INVALID_TEXT_CONCAT","LibKCUI.galaxy","2325","183","text 类型不能用 + 拼接，请用 string 拼接后再用 StringToText() 转换（text + text）","02-CoopZeroPop.txt"
"CoopZeroPop","SEM_INVALID_TEXT_CONCAT","LibKCUI.galaxy","2325","199","text 类型不能用 + 拼接，请用 string 拼接后再用 StringToText() 转换（text + text）","02-CoopZeroPop.txt"
"CoopZeroPop","SEM_INVALID_TEXT_CONCAT","LibKCUI.galaxy","2325","216","text 类型不能用 + 拼接，请用 string 拼接后再用 StringToText() 转换（text + text）","02-CoopZeroPop.txt"
"CoopZeroPop","SEM_INVALID_TEXT_CONCAT","LibKCUI.galaxy","2325","274","text 类型不能用 + 拼接，请用 string 拼接后再用 StringToText() 转换（text + text）","02-CoopZeroPop.txt"
"CoopZeroPop","SYNTAX_NO_LOCAL_INIT_ASSIGN","LibKMIS.galaxy","259","5","Galaxy 局部变量不能用 = 初始化，必须先声明再赋值","02-CoopZeroPop.txt"
"CoopZeroPop","SYNTAX_NO_LOCAL_INIT_ASSIGN","LibKMIS.galaxy","267","5","Galaxy 局部变量不能用 = 初始化，必须先声明再赋值","02-CoopZeroPop.txt"
"CoopZeroPop","SYNTAX_NO_LOCAL_INIT_ASSIGN","LibKMIS.galaxy","268","5","Galaxy 局部变量不能用 = 初始化，必须先声明再赋值","02-CoopZeroPop.txt"
"CoopZeroPop","SYNTAX_NO_LOCAL_INIT_ASSIGN","LibKMIS.galaxy","355","5","Galaxy 局部变量不能用 = 初始化，必须先声明再赋值","02-CoopZeroPop.txt"
"CoopZeroPop","SYNTAX_NO_LOCAL_INIT_ASSIGN","LibKMIS.galaxy","356","5","Galaxy 局部变量不能用 = 初始化，必须先声明再赋值","02-CoopZeroPop.txt"
"CoopZeroPop","SYNTAX_NO_LOCAL_INIT_ASSIGN","LibKMIS.galaxy","357","5","Galaxy 局部变量不能用 = 初始化，必须先声明再赋值","02-CoopZeroPop.txt"
"CoopZeroPop","SYNTAX_NO_LOCAL_INIT_ASSIGN","LibKMIS.galaxy","358","5","Galaxy 局部变量不能用 = 初始化，必须先声明再赋值","02-CoopZeroPop.txt"
"CoopZeroPop","SYNTAX_NO_LOCAL_INIT_ASSIGN","LibKMIS.galaxy","528","5","Galaxy 局部变量不能用 = 初始化，必须先声明再赋值","02-CoopZeroPop.txt"
"CoopZeroPop","SYNTAX_NO_LOCAL_INIT_ASSIGN","LibKMIS.galaxy","596","5","Galaxy 局部变量不能用 = 初始化，必须先声明再赋值","02-CoopZeroPop.txt"
"CoopZeroPop","SYNTAX_NO_LOCAL_INIT_ASSIGN","LibKMIS.galaxy","695","5","Galaxy 局部变量不能用 = 初始化，必须先声明再赋值","02-CoopZeroPop.txt"
"CoopZeroPop","SYNTAX_NO_LOCAL_INIT_ASSIGN","LibKMIS.galaxy","696","5","Galaxy 局部变量不能用 = 初始化，必须先声明再赋值","02-CoopZeroPop.txt"
"CoopZeroPop","SYNTAX_NO_LOCAL_INIT_ASSIGN","LibKMIS.galaxy","697","5","Galaxy 局部变量不能用 = 初始化，必须先声明再赋值","02-CoopZeroPop.txt"
"CoopZeroPop","SYNTAX_NO_LOCAL_INIT_ASSIGN","LibKMIS.galaxy","698","5","Galaxy 局部变量不能用 = 初始化，必须先声明再赋值","02-CoopZeroPop.txt"
"CoopZeroPop","SYNTAX_NO_LOCAL_INIT_ASSIGN","LibKMIS.galaxy","699","5","Galaxy 局部变量不能用 = 初始化，必须先声明再赋值","02-CoopZeroPop.txt"
"CoopZeroPop","SYNTAX_NO_LOCAL_INIT_ASSIGN","LibKMIS.galaxy","700","5","Galaxy 局部变量不能用 = 初始化，必须先声明再赋值","02-CoopZeroPop.txt"
"CoopZeroPop","SYNTAX_NO_LOCAL_INIT_ASSIGN","LibKMIS.galaxy","825","5","Galaxy 局部变量不能用 = 初始化，必须先声明再赋值","02-CoopZeroPop.txt"
"CoopZeroPop","SYNTAX_NO_LOCAL_INIT_ASSIGN","LibKMIS.galaxy","826","5","Galaxy 局部变量不能用 = 初始化，必须先声明再赋值","02-CoopZeroPop.txt"
"CoopZeroPop","SYNTAX_NO_LOCAL_INIT_ASSIGN","LibKMIS.galaxy","1159","5","Galaxy 局部变量不能用 = 初始化，必须先声明再赋值","02-CoopZeroPop.txt"
"CoopZeroPop","SYNTAX_NO_LOCAL_INIT_ASSIGN","LibKMIS.galaxy","1160","5","Galaxy 局部变量不能用 = 初始化，必须先声明再赋值","02-CoopZeroPop.txt"
"CoopZeroPop","SYNTAX_NO_LOCAL_INIT_ASSIGN","LibKMIS.galaxy","1298","5","Galaxy 局部变量不能用 = 初始化，必须先声明再赋值","02-CoopZeroPop.txt"
"CoopZeroPop","SYNTAX_NO_LOCAL_INIT_ASSIGN","LibKMIS.galaxy","1299","5","Galaxy 局部变量不能用 = 初始化，必须先声明再赋值","02-CoopZeroPop.txt"
"CoopZeroPop","SYNTAX_NO_LOCAL_INIT_ASSIGN","LibKMIS.galaxy","1490","5","Galaxy 局部变量不能用 = 初始化，必须先声明再赋值","02-CoopZeroPop.txt"
"CoopZeroPop","SYNTAX_NO_LOCAL_INIT_ASSIGN","LibKMIS.galaxy","1690","5","Galaxy 局部变量不能用 = 初始化，必须先声明再赋值","02-CoopZeroPop.txt"
"CoopZeroPop","SYNTAX_NO_LOCAL_INIT_ASSIGN","LibKMIS.galaxy","1691","5","Galaxy 局部变量不能用 = 初始化，必须先声明再赋值","02-CoopZeroPop.txt"
"CoopZeroPop","SYNTAX_NO_LOCAL_INIT_ASSIGN","LibKMIS.galaxy","1692","5","Galaxy 局部变量不能用 = 初始化，必须先声明再赋值","02-CoopZeroPop.txt"
"CoopZeroPop","SYNTAX_NO_LOCAL_INIT_ASSIGN","LibKMIS.galaxy","2307","5","Galaxy 局部变量不能用 = 初始化，必须先声明再赋值","02-CoopZeroPop.txt"
"CoopZeroPop","SYNTAX_NO_LOCAL_INIT_ASSIGN","LibKMIS.galaxy","2458","5","Galaxy 局部变量不能用 = 初始化，必须先声明再赋值","02-CoopZeroPop.txt"
"CoopZeroPop","SYNTAX_NO_LOCAL_INIT_ASSIGN","LibKMIS.galaxy","2559","5","Galaxy 局部变量不能用 = 初始化，必须先声明再赋值","02-CoopZeroPop.txt"
"CoopZeroPop","SYNTAX_NO_LOCAL_INIT_ASSIGN","LibKMIS.galaxy","2564","5","Galaxy 局部变量不能用 = 初始化，必须先声明再赋值","02-CoopZeroPop.txt"
"CoopZeroPop","SYNTAX_NO_LOCAL_INIT_ASSIGN","LibKMIS.galaxy","2571","5","Galaxy 局部变量不能用 = 初始化，必须先声明再赋值","02-CoopZeroPop.txt"
"CoopZeroPop","SYNTAX_NO_LOCAL_INIT_ASSIGN","LibKMIS.galaxy","2573","5","Galaxy 局部变量不能用 = 初始化，必须先声明再赋值","02-CoopZeroPop.txt"
"CoopZeroPop","SYNTAX_NO_LOCAL_INIT_ASSIGN","LibKMIS.galaxy","2575","5","Galaxy 局部变量不能用 = 初始化，必须先声明再赋值","02-CoopZeroPop.txt"
"CoopZeroPop","SYNTAX_NO_LOCAL_INIT_ASSIGN","LibKMIS.galaxy","2761","5","Galaxy 局部变量不能用 = 初始化，必须先声明再赋值","02-CoopZeroPop.txt"
"CoopZeroPop","SYNTAX_NO_LOCAL_INIT_ASSIGN","LibKMIS.galaxy","2765","5","Galaxy 局部变量不能用 = 初始化，必须先声明再赋值","02-CoopZeroPop.txt"
"CoopZeroPop","SYNTAX_NO_LOCAL_INIT_ASSIGN","LibKMIS.galaxy","2854","5","Galaxy 局部变量不能用 = 初始化，必须先声明再赋值","02-CoopZeroPop.txt"
"CoopZeroPop","SYNTAX_NO_LOCAL_INIT_ASSIGN","LibKMIS.galaxy","2856","5","Galaxy 局部变量不能用 = 初始化，必须先声明再赋值","02-CoopZeroPop.txt"
"CoopZeroPop","SYNTAX_NO_LOCAL_INIT_ASSIGN","LibKMIS.galaxy","2899","5","Galaxy 局部变量不能用 = 初始化，必须先声明再赋值","02-CoopZeroPop.txt"
"CoopZeroPop","SYNTAX_NO_LOCAL_INIT_ASSIGN","LibKMIS.galaxy","2900","5","Galaxy 局部变量不能用 = 初始化，必须先声明再赋值","02-CoopZeroPop.txt"
"CoopZeroPop","SYNTAX_NO_LOCAL_INIT_ASSIGN","LibKMIS.galaxy","2902","5","Galaxy 局部变量不能用 = 初始化，必须先声明再赋值","02-CoopZeroPop.txt"
"CoopZeroPop","SYNTAX_NO_LOCAL_INIT_ASSIGN","LibKMIS.galaxy","3047","5","Galaxy 局部变量不能用 = 初始化，必须先声明再赋值","02-CoopZeroPop.txt"
"CoopZeroPop","SYNTAX_NO_LOCAL_INIT_ASSIGN","LibKMIS.galaxy","3048","5","Galaxy 局部变量不能用 = 初始化，必须先声明再赋值","02-CoopZeroPop.txt"
"CoopZeroPop","SYNTAX_NO_LOCAL_INIT_ASSIGN","LibKMIS.galaxy","3049","5","Galaxy 局部变量不能用 = 初始化，必须先声明再赋值","02-CoopZeroPop.txt"
"CoopZeroPop","SYNTAX_NO_LOCAL_INIT_ASSIGN","LibKMIS.galaxy","3254","5","Galaxy 局部变量不能用 = 初始化，必须先声明再赋值","02-CoopZeroPop.txt"
"CoopZeroPop","SYNTAX_NO_LOCAL_INIT_ASSIGN","LibKMIS.galaxy","3255","5","Galaxy 局部变量不能用 = 初始化，必须先声明再赋值","02-CoopZeroPop.txt"
"CoopZeroPop","SYNTAX_NO_LOCAL_INIT_ASSIGN","LibKMIS.galaxy","3288","5","Galaxy 局部变量不能用 = 初始化，必须先声明再赋值","02-CoopZeroPop.txt"
"CoopZeroPop","SYNTAX_NO_LOCAL_INIT_ASSIGN","LibKMIS.galaxy","3367","5","Galaxy 局部变量不能用 = 初始化，必须先声明再赋值","02-CoopZeroPop.txt"
"CoopZeroPop","SYNTAX_NO_LOCAL_INIT_ASSIGN","LibKMIS.galaxy","3461","5","Galaxy 局部变量不能用 = 初始化，必须先声明再赋值","02-CoopZeroPop.txt"
"CoopZeroPop","SYNTAX_NO_LOCAL_INIT_ASSIGN","LibKMIS.galaxy","3677","5","Galaxy 局部变量不能用 = 初始化，必须先声明再赋值","02-CoopZeroPop.txt"
"CoopZeroPop","SYNTAX_NO_LOCAL_INIT_ASSIGN","LibKMIS.galaxy","3678","5","Galaxy 局部变量不能用 = 初始化，必须先声明再赋值","02-CoopZeroPop.txt"
"CoopZeroPop","SYNTAX_NO_LOCAL_INIT_ASSIGN","LibKMIS.galaxy","3716","5","Galaxy 局部变量不能用 = 初始化，必须先声明再赋值","02-CoopZeroPop.txt"
"CoopZeroPop","SYNTAX_NO_LOCAL_INIT_ASSIGN","LibKMIS.galaxy","3717","5","Galaxy 局部变量不能用 = 初始化，必须先声明再赋值","02-CoopZeroPop.txt"
"CoopZeroPop","SYNTAX_NO_LOCAL_INIT_ASSIGN","LibKMIS.galaxy","3718","5","Galaxy 局部变量不能用 = 初始化，必须先声明再赋值","02-CoopZeroPop.txt"
"CoopZeroPop","SYNTAX_NO_LOCAL_INIT_ASSIGN","LibKMIS.galaxy","3763","5","Galaxy 局部变量不能用 = 初始化，必须先声明再赋值","02-CoopZeroPop.txt"
"CoopZeroPop","SYNTAX_NO_LOCAL_INIT_ASSIGN","LibKMIS.galaxy","3764","5","Galaxy 局部变量不能用 = 初始化，必须先声明再赋值","02-CoopZeroPop.txt"
"CoopZeroPop","SYNTAX_NO_CONTINUE","LibKMIS.galaxy","4057","13","Galaxy 不支持 continue 语句，请用 if 块包裹","02-CoopZeroPop.txt"
"CoopZeroPop","SYNTAX_NO_CONTINUE","LibKMIS.galaxy","4060","13","Galaxy 不支持 continue 语句，请用 if 块包裹","02-CoopZeroPop.txt"
"CoopZeroPop","SYNTAX_NO_LOCAL_INIT_ASSIGN","LibKMIS.galaxy","4223","5","Galaxy 局部变量不能用 = 初始化，必须先声明再赋值","02-CoopZeroPop.txt"
"CoopZeroPop","SYNTAX_NO_LOCAL_INIT_ASSIGN","LibKMIS.galaxy","4468","5","Galaxy 局部变量不能用 = 初始化，必须先声明再赋值","02-CoopZeroPop.txt"
"CoopZeroPop","SYNTAX_NO_LOCAL_INIT_ASSIGN","LibKMIS.galaxy","4720","5","Galaxy 局部变量不能用 = 初始化，必须先声明再赋值","02-CoopZeroPop.txt"
"CoopZeroPop","SYNTAX_NO_LOCAL_INIT_ASSIGN","LibKMIS.galaxy","4750","5","Galaxy 局部变量不能用 = 初始化，必须先声明再赋值","02-CoopZeroPop.txt"
"CoopZeroPop","SYNTAX_NO_LOCAL_INIT_ASSIGN","LibKMIS.galaxy","5005","5","Galaxy 局部变量不能用 = 初始化，必须先声明再赋值","02-CoopZeroPop.txt"
"CoopZeroPop","SYNTAX_NO_LOCAL_INIT_ASSIGN","LibKMIS.galaxy","5041","5","Galaxy 局部变量不能用 = 初始化，必须先声明再赋值","02-CoopZeroPop.txt"
"CoopZeroPop","SYNTAX_NO_LOCAL_INIT_ASSIGN","LibKMIS.galaxy","5080","5","Galaxy 局部变量不能用 = 初始化，必须先声明再赋值","02-CoopZeroPop.txt"
"CoopZeroPop","SYNTAX_NO_LOCAL_INIT_ASSIGN","LibKMIS.galaxy","5120","5","Galaxy 局部变量不能用 = 初始化，必须先声明再赋值","02-CoopZeroPop.txt"
"CoopZeroPop","SYNTAX_NO_LOCAL_INIT_ASSIGN","LibKMIS.galaxy","5155","5","Galaxy 局部变量不能用 = 初始化，必须先声明再赋值","02-CoopZeroPop.txt"
"CoopZeroPop","SYNTAX_NO_LOCAL_INIT_ASSIGN","LibKMIS.galaxy","5544","5","Galaxy 局部变量不能用 = 初始化，必须先声明再赋值","02-CoopZeroPop.txt"
"CoopZeroPop","SYNTAX_NO_LOCAL_INIT_ASSIGN","LibKMIS.galaxy","5545","5","Galaxy 局部变量不能用 = 初始化，必须先声明再赋值","02-CoopZeroPop.txt"
"CoopZeroPop","SYNTAX_NO_LOCAL_INIT_ASSIGN","LibKMIS.galaxy","5612","5","Galaxy 局部变量不能用 = 初始化，必须先声明再赋值","02-CoopZeroPop.txt"
"CoopZeroPop","SYNTAX_NO_LOCAL_INIT_ASSIGN","LibKMIS.galaxy","5613","5","Galaxy 局部变量不能用 = 初始化，必须先声明再赋值","02-CoopZeroPop.txt"
"CoopZeroPop","SYNTAX_NO_LOCAL_INIT_ASSIGN","LibKMIS.galaxy","5755","5","Galaxy 局部变量不能用 = 初始化，必须先声明再赋值","02-CoopZeroPop.txt"
"CoopZeroPop","SYNTAX_NO_LOCAL_INIT_ASSIGN","LibKMIS.galaxy","5756","5","Galaxy 局部变量不能用 = 初始化，必须先声明再赋值","02-CoopZeroPop.txt"
"CoopZeroPop","SYNTAX_NO_LOCAL_INIT_ASSIGN","LibKMIS.galaxy","5757","5","Galaxy 局部变量不能用 = 初始化，必须先声明再赋值","02-CoopZeroPop.txt"
"CoopZeroPop","SYNTAX_NO_LOCAL_INIT_ASSIGN","LibKMIS.galaxy","6333","5","Galaxy 局部变量不能用 = 初始化，必须先声明再赋值","02-CoopZeroPop.txt"
"CoopZeroPop","SYNTAX_NO_LOCAL_INIT_ASSIGN","LibKMIS.galaxy","6334","5","Galaxy 局部变量不能用 = 初始化，必须先声明再赋值","02-CoopZeroPop.txt"
"CoopZeroPop","SYNTAX_NO_LOCAL_INIT_ASSIGN","LibKMIS.galaxy","7079","5","Galaxy 局部变量不能用 = 初始化，必须先声明再赋值","02-CoopZeroPop.txt"
"CoopZeroPop","SYNTAX_NO_LOCAL_INIT_ASSIGN","LibKMIS.galaxy","7080","5","Galaxy 局部变量不能用 = 初始化，必须先声明再赋值","02-CoopZeroPop.txt"
"CoopZeroPop","SYNTAX_NO_LOCAL_INIT_ASSIGN","LibKMIS.galaxy","7943","5","Galaxy 局部变量不能用 = 初始化，必须先声明再赋值","02-CoopZeroPop.txt"
"CoopZeroPop","SYNTAX_NO_LOCAL_INIT_ASSIGN","LibKMIS.galaxy","8004","5","Galaxy 局部变量不能用 = 初始化，必须先声明再赋值","02-CoopZeroPop.txt"
"CoopZeroPop","SYNTAX_NO_LOCAL_INIT_ASSIGN","LibKMIS.galaxy","8065","5","Galaxy 局部变量不能用 = 初始化，必须先声明再赋值","02-CoopZeroPop.txt"
"CoopZeroPop","SYNTAX_NO_LOCAL_INIT_ASSIGN","LibKMIS.galaxy","8150","5","Galaxy 局部变量不能用 = 初始化，必须先声明再赋值","02-CoopZeroPop.txt"
"CoopZeroPop","SYNTAX_NO_LOCAL_INIT_ASSIGN","LibKMIS.galaxy","8151","5","Galaxy 局部变量不能用 = 初始化，必须先声明再赋值","02-CoopZeroPop.txt"
"CoopZeroPop","SYNTAX_NO_LOCAL_INIT_ASSIGN","LibKMIS.galaxy","8447","5","Galaxy 局部变量不能用 = 初始化，必须先声明再赋值","02-CoopZeroPop.txt"
"CoopZeroPop","SYNTAX_NO_CONTINUE","LibKMIS.galaxy","8674","13","Galaxy 不支持 continue 语句，请用 if 块包裹","02-CoopZeroPop.txt"
"CoopZeroPop","SYNTAX_NO_LOCAL_INIT_ASSIGN","LibKMIS.galaxy","9016","5","Galaxy 局部变量不能用 = 初始化，必须先声明再赋值","02-CoopZeroPop.txt"
"CoopZeroPop","SEM_UNDECLARED_FUNCTION","LibKMIS.galaxy","374","13","未声明的函数 'SoundPlay()'","02-CoopZeroPop.txt"
"CoopZeroPop","SEM_UNDECLARED_FUNCTION","LibKMIS.galaxy","377","13","未声明的函数 'SoundPlay()'","02-CoopZeroPop.txt"
"CoopZeroPop","SEM_UNDECLARED_FUNCTION","LibKMIS.galaxy","380","13","未声明的函数 'SoundPlay()'","02-CoopZeroPop.txt"
"CoopZeroPop","SEM_UNDECLARED_FUNCTION","LibKMIS.galaxy","429","13","未声明的函数 'SoundPlayAtPoint()'","02-CoopZeroPop.txt"
"CoopZeroPop","XLIB_DISALLOWED_NATIVE","LibKMIS.galaxy","3165","13","调用了不允许的 native 函数 'UnitCreate()' (不应直接调用，请用 libNtve_gf_CreateUnitsAtPoint2 包装)","02-CoopZeroPop.txt"
"CoopZeroPop","XLIB_DISALLOWED_NATIVE","LibKMIS.galaxy","3173","13","调用了不允许的 native 函数 'UnitCreate()' (不应直接调用，请用 libNtve_gf_CreateUnitsAtPoint2 包装)","02-CoopZeroPop.txt"
"CoopZeroPop","XLIB_DISALLOWED_NATIVE","LibKMIS.galaxy","3203","9","调用了不允许的 native 函数 'UnitCreate()' (不应直接调用，请用 libNtve_gf_CreateUnitsAtPoint2 包装)","02-CoopZeroPop.txt"
"CoopZeroPop","XLIB_DISALLOWED_NATIVE","LibKMIS.galaxy","3206","9","调用了不允许的 native 函数 'UnitCreate()' (不应直接调用，请用 libNtve_gf_CreateUnitsAtPoint2 包装)","02-CoopZeroPop.txt"
"CoopZeroPop","XLIB_DISALLOWED_NATIVE","LibKMIS.galaxy","3209","9","调用了不允许的 native 函数 'UnitCreate()' (不应直接调用，请用 libNtve_gf_CreateUnitsAtPoint2 包装)","02-CoopZeroPop.txt"
"CoopZeroPop","XLIB_DISALLOWED_NATIVE","LibKMIS.galaxy","3212","9","调用了不允许的 native 函数 'UnitCreate()' (不应直接调用，请用 libNtve_gf_CreateUnitsAtPoint2 包装)","02-CoopZeroPop.txt"
"CoopZeroPop","XLIB_DISALLOWED_NATIVE","LibKMIS.galaxy","3219","9","调用了不允许的 native 函数 'UnitCreate()' (不应直接调用，请用 libNtve_gf_CreateUnitsAtPoint2 包装)","02-CoopZeroPop.txt"
"CoopZeroPop","XLIB_DISALLOWED_NATIVE","LibKMIS.galaxy","4564","5","调用了不允许的 native 函数 'UnitCreate()' (不应直接调用，请用 libNtve_gf_CreateUnitsAtPoint2 包装)","02-CoopZeroPop.txt"
"CoopZeroPop","XLIB_DISALLOWED_NATIVE","LibKMIS.galaxy","4585","9","调用了不允许的 native 函数 'UnitCreate()' (不应直接调用，请用 libNtve_gf_CreateUnitsAtPoint2 包装)","02-CoopZeroPop.txt"
"CoopZeroPop","XLIB_DISALLOWED_NATIVE","LibKMIS.galaxy","4589","13","调用了不允许的 native 函数 'UnitCreate()' (不应直接调用，请用 libNtve_gf_CreateUnitsAtPoint2 包装)","02-CoopZeroPop.txt"
"CoopZeroPop","SEM_UNDECLARED_FUNCTION","LibKMIS.galaxy","5021","5","未声明的函数 'SoundPlay()'","02-CoopZeroPop.txt"
"CoopZeroPop","SEM_UNDECLARED_FUNCTION","LibKMIS.galaxy","5654","9","未声明的函数 'SoundPlayAtPoint()'","02-CoopZeroPop.txt"
"CoopZeroPop","XLIB_DISALLOWED_NATIVE","LibKMIS.galaxy","5777","5","调用了不允许的 native 函数 'UnitCreate()' (不应直接调用，请用 libNtve_gf_CreateUnitsAtPoint2 包装)","02-CoopZeroPop.txt"
"CoopZeroPop","SEM_UNDECLARED_FUNCTION","LibKMIS.galaxy","6154","9","未声明的函数 'SoundPlay()'","02-CoopZeroPop.txt"
"CoopZeroPop","SEM_UNDECLARED_FUNCTION","LibKMIS.galaxy","6157","9","未声明的函数 'SoundPlay()'","02-CoopZeroPop.txt"
"CoopZeroPop","SEM_UNDECLARED_FUNCTION","LibKMIS.galaxy","6668","5","未声明的函数 'SoundPlay()'","02-CoopZeroPop.txt"
"CoopZeroPop","XLIB_DISALLOWED_NATIVE","LibKMIS.galaxy","7199","5","调用了不允许的 native 函数 'UnitCreate()' (不应直接调用，请用 libNtve_gf_CreateUnitsAtPoint2 包装)","02-CoopZeroPop.txt"
"CoopZeroPop","SEM_UNDECLARED_FUNCTION","LibKMIS.galaxy","9200","9","未声明的函数 'SoundPlay()'","02-CoopZeroPop.txt"
"CoopZeroPop","SYNTAX_NO_CONTINUE","LibKPVP.galaxy","854","13","Galaxy 不支持 continue 语句，请用 if 块包裹","02-CoopZeroPop.txt"
"CoopZeroPop","SYNTAX_NO_CONTINUE","LibKPVP.galaxy","1440","13","Galaxy 不支持 continue 语句，请用 if 块包裹","02-CoopZeroPop.txt"
"CommanderBridge","XLIB_UNDEFINED_CROSS_REF","LibE0EAE146_HeroRevive.galaxy","219","20","跨库引用未定义 'libE0EAE146_gf_CommanderShortName()'","03-CommanderBridge.txt"
"CommanderBridge","XLIB_UNDEFINED_CROSS_REF","LibE0EAE146_HeroRevive.galaxy","322","19","跨库引用未定义 'libE0EAE146_gf_CommanderAchUnit()'","03-CommanderBridge.txt"
"CommanderBridge","SEM_UNDECLARED_VARIABLE","LibE0EAE146_HeroRevive.galaxy","335","9","未声明的变量 'libE0EAE146_gv_effectiveBaseAnchor'","03-CommanderBridge.txt"
"CommanderBridge","SEM_UNDECLARED_VARIABLE","LibE0EAE146_HeroRevive.galaxy","336","16","未声明的变量 'libE0EAE146_gv_effectiveBaseAnchor'","03-CommanderBridge.txt"
"CommanderBridge","SEM_UNDECLARED_VARIABLE","LibE0EAE146_HeroRevive.galaxy","338","9","未声明的变量 'libE0EAE146_gv_currentMapId'","03-CommanderBridge.txt"
"CommanderBridge","SEM_UNDECLARED_VARIABLE","LibE0EAE146_HeroRevive.galaxy","400","9","未声明的变量 'libE0EAE146_gv_commanderHeroRevivePending'","03-CommanderBridge.txt"
"CommanderBridge","SEM_UNDECLARED_VARIABLE","LibE0EAE146_HeroRevive.galaxy","414","5","未声明的变量 'libE0EAE146_gv_commanderHeroRevivePending'","03-CommanderBridge.txt"
"CommanderBridge","SEM_UNDECLARED_VARIABLE","LibE0EAE146_HeroRevive.galaxy","431","13","未声明的变量 'libE0EAE146_gv_commanderHeroRevivePending'","03-CommanderBridge.txt"
"CommanderBridge","SEM_UNDECLARED_VARIABLE","LibE0EAE146_HeroRevive.galaxy","517","9","未声明的变量 'libE0EAE146_gv_commanderHeroRevivePending'","03-CommanderBridge.txt"
"CommanderBridge","SEM_UNDECLARED_VARIABLE","LibE0EAE146_HeroRevive.galaxy","521","5","未声明的变量 'libE0EAE146_gv_commanderHeroRevivePending'","03-CommanderBridge.txt"
"CommanderBridge","SEM_UNDECLARED_VARIABLE","LibE0EAE146_HeroRevive.galaxy","522","5","未声明的变量 'libE0EAE146_gv_commanderHeroDeathCount'","03-CommanderBridge.txt"
"CommanderBridge","SEM_UNDECLARED_VARIABLE","LibE0EAE146_HeroRevive.galaxy","524","9","未声明的变量 'libE0EAE146_gv_commanderHeroDeathCount'","03-CommanderBridge.txt"
"CommanderBridge","XLIB_DISALLOWED_NATIVE","LibE0EAE146_HeroRevive.galaxy","533","5","调用了不允许的 native 函数 'UnitCreate()' (不应直接调用，请用 libNtve_gf_CreateUnitsAtPoint2 包装)","03-CommanderBridge.txt"
"CommanderBridge","SEM_UNDECLARED_VARIABLE","LibE0EAE146_HeroRevive.galaxy","550","9","未声明的变量 'libE0EAE146_gv_commanderHeroReviveInitialized'","03-CommanderBridge.txt"
"CommanderBridge","SEM_UNDECLARED_VARIABLE","LibE0EAE146_HeroRevive.galaxy","554","5","未声明的变量 'libE0EAE146_gv_commanderHeroReviveInitialized'","03-CommanderBridge.txt"
"CommanderBridge","SEM_UNDECLARED_VARIABLE","LibE0EAE146_HeroRevive.galaxy","555","5","未声明的变量 'libE0EAE146_gt_CommanderHeroDied'","03-CommanderBridge.txt"
"CommanderBridge","SEM_UNDECLARED_VARIABLE","LibE0EAE146_HeroRevive.galaxy","556","29","未声明的变量 'libE0EAE146_gt_CommanderHeroDied'","03-CommanderBridge.txt"
"CommanderBridge","SEM_UNDECLARED_VARIABLE","LibE0EAE146_HeroStructures.galaxy","46","72","未声明的变量 'libE0EAE146_gv_commander'","03-CommanderBridge.txt"
"CommanderBridge","SEM_UNDECLARED_VARIABLE","LibE0EAE146_HeroStructures.galaxy","51","10","未声明的变量 'libE0EAE146_gv_currentMapId'","03-CommanderBridge.txt"
"CommanderBridge","SEM_UNDECLARED_VARIABLE","LibE0EAE146_HeroStructures.galaxy","60","9","未声明的变量 'libE0EAE146_gv_currentMapId'","03-CommanderBridge.txt"
"CommanderBridge","SEM_UNDECLARED_VARIABLE","LibE0EAE146_HeroStructures.galaxy","107","9","未声明的变量 'libE0EAE146_gv_currentMapId'","03-CommanderBridge.txt"
"CommanderBridge","XLIB_UNDEFINED_CROSS_REF","LibE0EAE146_HeroStructures.galaxy","111","19","跨库引用未定义 'libE0EAE146_gf_CC_CommanderHeroStructureType()'","03-CommanderBridge.txt"
"CommanderBridge","XLIB_UNDEFINED_CROSS_REF","LibE0EAE146_HeroStructures.galaxy","111","64","跨库引用未定义 'libE0EAE146_gf_ActiveCommanderForPlayer()'","03-CommanderBridge.txt"
"CommanderBridge","XLIB_DISALLOWED_NATIVE","LibE0EAE146_HeroStructures.galaxy","159","5","调用了不允许的 native 函数 'UnitCreate()' (不应直接调用，请用 libNtve_gf_CreateUnitsAtPoint2 包装)","03-CommanderBridge.txt"
"CommanderBridge","XLIB_DISALLOWED_NATIVE","LibE0EAE146_HeroStructures.galaxy","165","5","调用了不允许的 native 函数 'UnitCreate()' (不应直接调用，请用 libNtve_gf_CreateUnitsAtPoint2 包装)","03-CommanderBridge.txt"
"CommanderBridge","SYNTAX_NO_LOCAL_INIT_ASSIGN","LibE0EAE146_SOATargeting.galaxy","168","5","Galaxy 局部变量不能用 = 初始化，必须先声明再赋值","03-CommanderBridge.txt"
"CommanderBridge","SYNTAX_NO_LOCAL_INIT_ASSIGN","LibE0EAE146_SOATargeting.galaxy","169","5","Galaxy 局部变量不能用 = 初始化，必须先声明再赋值","03-CommanderBridge.txt"
"CommanderBridge","SYNTAX_NO_LOCAL_INIT_ASSIGN","LibE0EAE146_SOATargeting.galaxy","200","5","Galaxy 局部变量不能用 = 初始化，必须先声明再赋值","03-CommanderBridge.txt"
"CommanderBridge","SYNTAX_NO_LOCAL_INIT_ASSIGN","LibE0EAE146_SOATargeting.galaxy","201","5","Galaxy 局部变量不能用 = 初始化，必须先声明再赋值","03-CommanderBridge.txt"
"CommanderBridge","SYNTAX_NO_LOCAL_INIT_ASSIGN","LibE0EAE146_SOATargeting.galaxy","202","5","Galaxy 局部变量不能用 = 初始化，必须先声明再赋值","03-CommanderBridge.txt"
"CommanderBridge","SYNTAX_NO_LOCAL_INIT_ASSIGN","LibE0EAE146_SOATargeting.galaxy","238","5","Galaxy 局部变量不能用 = 初始化，必须先声明再赋值","03-CommanderBridge.txt"
"CommanderBridge","SYNTAX_NO_LOCAL_INIT_ASSIGN","LibE0EAE146_SOATargeting.galaxy","239","5","Galaxy 局部变量不能用 = 初始化，必须先声明再赋值","03-CommanderBridge.txt"
"CommanderBridge","SEM_UNDECLARED_VARIABLE","LibE0EAE146_SOATargeting.galaxy","287","91","未声明的变量 'libE0EAE146_gv_cM_NovaGriffinBombingRunCost'","03-CommanderBridge.txt"
"CommanderBridge","XLIB_UNDEFINED_CROSS_REF","LibE0EAE146_SOATargeting.galaxy","326","22","跨库引用未定义 'libE0EAE146_gf_CommanderPlayers()'","03-CommanderBridge.txt"
"CommanderBridge","XLIB_UNDEFINED_CROSS_REF","LibE0EAE146_SOATargeting.galaxy","382","37","跨库引用未定义 'libE0EAE146_gf_CommanderPlayers()'","03-CommanderBridge.txt"
"CommanderBridge","XLIB_UNDEFINED_CROSS_REF","LibE0EAE146_SOATargeting.galaxy","457","37","跨库引用未定义 'libE0EAE146_gf_CommanderPlayers()'","03-CommanderBridge.txt"
"CommanderBridge","SEM_UNDECLARED_VARIABLE","LibE0EAE146_SOATargeting.galaxy","685","32","未声明的变量 'libE0EAE146_gv_MAXPLAYERS'","03-CommanderBridge.txt"
"CommanderBridge","SEM_UNDECLARED_VARIABLE","LibE0EAE146_SOATargeting.galaxy","688","32","未声明的变量 'libE0EAE146_gv_MAXPLAYERS'","03-CommanderBridge.txt"
"CommanderBridge","SEM_UNDECLARED_VARIABLE","LibE0EAE146_SOATargeting.galaxy","691","32","未声明的变量 'libE0EAE146_gv_MAXPLAYERS'","03-CommanderBridge.txt"
